Wed Jan 07 2015 00:00:00 GMT+0900 (JST),ガス料金,3000,sample_user,
Wed Jan 07 2015 00:00:00 GMT+0900 (JST),日用品,8500,sample_user,
Thu Jan 08 2015 00:00:00 GMT+0900 (JST),電気代,5700,sample_user,
Thu Jan 08 2015 00:00:00 GMT+0900 (JST),家財道具,8000,sample_user,
Thu Jan 08 2015 00:00:00 GMT+0900 (JST),家賃,3000,sample_user,
Fri Jan 09 2015 00:00:00 GMT+0900 (JST),家財道具,8500,sample_user,
Sat Jan 10 2015 00:00:00 GMT+0900 (JST),ガス料金,2700,sample_user,
Sat Jan 10 2015 00:00:00 GMT+0900 (JST),食費,6100,sample_user,
Sat Jan 10 2015 00:00:00 GMT+0900 (JST),水道代,6800,sample_user,
Sat Jan 10 2015 00:00:00 GMT+0900 (JST),電気代,2500,sample_user,
Sun Jan 11 2015 00:00:00 GMT+0900 (JST),食費,8500,sample_user,
Sun Jan 11 2015 00:00:00 GMT+0900 (JST),ガス料金,5900,sample_user,
Sun Jan 11 2015 00:00:00 GMT+0900 (JST),日用品,2700,sample_user,
Mon Jan 12 2015 00:00:00 GMT+0900 (JST),ガス料金,3700,sample_user,
Wed Jan 14 2015 00:00:00 GMT+0900 (JST),ガス料金,9900,sample_user,
Wed Jan 14 2015 00:00:00 GMT+0900 (JST),その他項目,8400,sample_user,
Thu Jan 15 2015 00:00:00 GMT+0900 (JST),日用品,2000,sample_user,
Thu Jan 15 2015 00:00:00 GMT+0900 (JST),家賃,4100,sample_user,
Thu Jan 15 2015 00:00:00 GMT+0900 (JST),水道代,9200,sample_user,
Fri Jan 16 2015 00:00:00 GMT+0900 (JST),食費,2500,sample_user,
Sat Jan 17 2015 00:00:00 GMT+0900 (JST),食費,7100,sample_user,
Sat Jan 17 2015 00:00:00 GMT+0900 (JST),その他項目,5300,sample_user,
Sun Jan 18 2015 00:00:00 GMT+0900 (JST),家財道具,5600,sample_user,
Mon Jan 19 2015 00:00:00 GMT+0900 (JST),ガソリン代,2100,sample_user,
Mon Jan 19 2015 00:00:00 GMT+0900 (JST),ガソリン代,9700,sample_user,
Wed Jan 21 2015 00:00:00 GMT+0900 (JST),水道代,2700,sample_user,
Wed Jan 21 2015 00:00:00 GMT+0900 (JST),水道代,2900,sample_user,
Thu Jan 22 2015 00:00:00 GMT+0900 (JST),食費,2000,sample_user,
Fri Jan 23 2015 00:00:00 GMT+0900 (JST),家賃,2400,sample_user,
Fri Jan 23 2015 00:00:00 GMT+0900 (JST),ガス料金,3800,sample_user,
Fri Jan 23 2015 00:00:00 GMT+0900 (JST),ガソリン代,8200,sample_user,
Fri Jan 23 2015 00:00:00 GMT+0900 (JST),食費,7100,sample_user,
Sat Jan 24 2015 00:00:00 GMT+0900 (JST),家財道具,2400,sample_user,
Sat Jan 24 2015 00:00:00 GMT+0900 (JST),食費,9500,sample_user,
Sun Jan 25 2015 00:00:00 GMT+0900 (JST),その他項目,8900,sample_user,
Sun Jan 25 2015 00:00:00 GMT+0900 (JST),水道代,6300,sample_user,
Sun Jan 25 2015 00:00:00 GMT+0900 (JST),日用品,6400,sample_user,
Sun Jan 25 2015 00:00:00 GMT+0900 (JST),ガス料金,2400,sample_user,
Mon Jan 26 2015 00:00:00 GMT+0900 (JST),ガス料金,4800,sample_user,
Mon Jan 26 2015 00:00:00 GMT+0900 (JST),日用品,4800,sample_user,
Mon Jan 26 2015 00:00:00 GMT+0900 (JST),その他項目,2100,sample_user,
Mon Jan 26 2015 00:00:00 GMT+0900 (JST),食費,9400,sample_user,
Tue Jan 27 2015 00:00:00 GMT+0900 (JST),その他項目,9700,sample_user,
Wed Jan 28 2015 00:00:00 GMT+0900 (JST),水道代,7200,sample_user,
Wed Jan 28 2015 00:00:00 GMT+0900 (JST),ガソリン代,6700,sample_user,
Wed Jan 28 2015 00:00:00 GMT+0900 (JST),ガソリン代,6200,sample_user,
Wed Jan 28 2015 00:00:00 GMT+0900 (JST),食費,8000,sample_user,
Fri Jan 30 2015 00:00:00 GMT+0900 (JST),水道代,1500,sample_user,
Fri Jan 30 2015 00:00:00 GMT+0900 (JST),電気代,6800,sample_user,
Sat Jan 31 2015 00:00:00 GMT+0900 (JST),日用品,9100,sample_user,
Sun Feb 01 2015 00:00:00 GMT+0900 (JST),水道代,3500,sample_user,
Sun Feb 01 2015 00:00:00 GMT+0900 (JST),家財道具,2000,sample_user,
Mon Feb 02 2015 00:00:00 GMT+0900 (JST),水道代,1800,sample_user,
Mon Feb 02 2015 00:00:00 GMT+0900 (JST),ガソリン代,4000,sample_user,
Mon Feb 02 2015 00:00:00 GMT+0900 (JST),食費,1700,sample_user,
Tue Feb 03 2015 00:00:00 GMT+0900 (JST),その他項目,8000,sample_user,
Tue Feb 03 2015 00:00:00 GMT+0900 (JST),電気代,3600,sample_user,
Wed Feb 04 2015 00:00:00 GMT+0900 (JST),ガス料金,7700,sample_user,
Wed Feb 04 2015 00:00:00 GMT+0900 (JST),食費,8100,sample_user,
Wed Feb 04 2015 00:00:00 GMT+0900 (JST),電気代,8500,sample_user,
Thu Feb 05 2015 00:00:00 GMT+0900 (JST),その他項目,5900,sample_user,
Thu Feb 05 2015 00:00:00 GMT+0900 (JST),電気代,9800,sample_user,
Thu Feb 05 2015 00:00:00 GMT+0900 (JST),食費,3800,sample_user,
Thu Feb 05 2015 00:00:00 GMT+0900 (JST),ガス料金,6600,sample_user,
Tue Feb 10 2015 00:00:00 GMT+0900 (JST),その他項目,2400,sample_user,
Tue Feb 10 2015 00:00:00 GMT+0900 (JST),ガス料金,2700,sample_user,
Tue Feb 10 2015 00:00:00 GMT+0900 (JST),家賃,2000,sample_user,
Tue Feb 10 2015 00:00:00 GMT+0900 (JST),ガソリン代,2400,sample_user,
Tue Feb 10 2015 00:00:00 GMT+0900 (JST),ガソリン代,4600,sample_user,
Tue Feb 10 2015 00:00:00 GMT+0900 (JST),ガソリン代,4900,sample_user,
Wed Feb 11 2015 00:00:00 GMT+0900 (JST),家賃,7200,sample_user,
Wed Feb 11 2015 00:00:00 GMT+0900 (JST),その他項目,5300,sample_user,
Thu Feb 12 2015 00:00:00 GMT+0900 (JST),電気代,6700,sample_user,
Thu Feb 12 2015 00:00:00 GMT+0900 (JST),電気代,9800,sample_user,
Fri Feb 13 2015 00:00:00 GMT+0900 (JST),家賃,4300,sample_user,
Sat Feb 14 2015 00:00:00 GMT+0900 (JST),家財道具,3800,sample_user,
Sat Feb 14 2015 00:00:00 GMT+0900 (JST),ガス料金,4500,sample_user,
Sat Feb 14 2015 00:00:00 GMT+0900 (JST),家賃,5700,sample_user,
Sat Feb 14 2015 00:00:00 GMT+0900 (JST),電気代,7300,sample_user,
Sat Feb 14 2015 00:00:00 GMT+0900 (JST),その他項目,3200,sample_user,
Sat Feb 14 2015 00:00:00 GMT+0900 (JST),ガス料金,1600,sample_user,
Sat Feb 14 2015 00:00:00 GMT+0900 (JST),ガソリン代,4400,sample_user,
Sun Feb 15 2015 00:00:00 GMT+0900 (JST),家財道具,2400,sample_user,
Sun Feb 15 2015 00:00:00 GMT+0900 (JST),ガソリン代,5600,sample_user,
Mon Feb 16 2015 00:00:00 GMT+0900 (JST),家賃,7800,sample_user,
Mon Feb 16 2015 00:00:00 GMT+0900 (JST),食費,9100,sample_user,
Tue Feb 17 2015 00:00:00 GMT+0900 (JST),ガス料金,4600,sample_user,
Wed Feb 18 2015 00:00:00 GMT+0900 (JST),家財道具,3900,sample_user,
Wed Feb 18 2015 00:00:00 GMT+0900 (JST),日用品,5100,sample_user,
Wed Feb 18 2015 00:00:00 GMT+0900 (JST),日用品,6800,sample_user,
Wed Feb 18 2015 00:00:00 GMT+0900 (JST),食費,8600,sample_user,
Thu Feb 19 2015 00:00:00 GMT+0900 (JST),ガス料金,4200,sample_user,
Thu Feb 19 2015 00:00:00 GMT+0900 (JST),食費,2100,sample_user,
Fri Feb 20 2015 00:00:00 GMT+0900 (JST),家財道具,2200,sample_user,
Sat Feb 21 2015 00:00:00 GMT+0900 (JST),水道代,2100,sample_user,
Sat Feb 21 2015 00:00:00 GMT+0900 (JST),家賃,3000,sample_user,
Sat Feb 21 2015 00:00:00 GMT+0900 (JST),食費,4300,sample_user,
Sat Feb 21 2015 00:00:00 GMT+0900 (JST),家賃,2600,sample_user,
Sun Feb 22 2015 00:00:00 GMT+0900 (JST),家賃,5500,sample_user,
Mon Feb 23 2015 00:00:00 GMT+0900 (JST),その他項目,2000,sample_user,
Mon Feb 23 2015 00:00:00 GMT+0900 (JST),ガソリン代,8900,sample_user,
Mon Feb 23 2015 00:00:00 GMT+0900 (JST),家賃,4500,sample_user,
Tue Feb 24 2015 00:00:00 GMT+0900 (JST),水道代,10000,sample_user,
Tue Feb 24 2015 00:00:00 GMT+0900 (JST),食費,1800,sample_user,
Tue Feb 24 2015 00:00:00 GMT+0900 (JST),日用品,5500,sample_user,
Tue Feb 24 2015 00:00:00 GMT+0900 (JST),日用品,6100,sample_user,
Wed Feb 25 2015 00:00:00 GMT+0900 (JST),その他項目,5000,sample_user,
Thu Feb 26 2015 00:00:00 GMT+0900 (JST),食費,7900,sample_user,
Thu Feb 26 2015 00:00:00 GMT+0900 (JST),ガソリン代,6800,sample_user,
Thu Feb 26 2015 00:00:00 GMT+0900 (JST),ガス料金,5800,sample_user,
Thu Feb 26 2015 00:00:00 GMT+0900 (JST),日用品,3900,sample_user,
Fri Feb 27 2015 00:00:00 GMT+0900 (JST),家財道具,8400,sample_user,
Fri Feb 27 2015 00:00:00 GMT+0900 (JST),家財道具,7700,sample_user,
Fri Feb 27 2015 00:00:00 GMT+0900 (JST),日用品,3000,sample_user,
Sat Feb 28 2015 00:00:00 GMT+0900 (JST),水道代,9500,sample_user,
Sat Feb 28 2015 00:00:00 GMT+0900 (JST),家財道具,4400,sample_user,
Mon Mar 02 2015 00:00:00 GMT+0900 (JST),家賃,7900,sample_user,
Mon Mar 02 2015 00:00:00 GMT+0900 (JST),ガス料金,1600,sample_user,
Mon Mar 02 2015 00:00:00 GMT+0900 (JST),日用品,6300,sample_user,
Tue Mar 03 2015 00:00:00 GMT+0900 (JST),ガソリン代,7100,sample_user,
Tue Mar 03 2015 00:00:00 GMT+0900 (JST),その他項目,3500,sample_user,
Tue Mar 03 2015 00:00:00 GMT+0900 (JST),電気代,6100,sample_user,
Wed Mar 04 2015 00:00:00 GMT+0900 (JST),電気代,5200,sample_user,
Thu Mar 05 2015 00:00:00 GMT+0900 (JST),電気代,9100,sample_user,
Thu Mar 05 2015 00:00:00 GMT+0900 (JST),食費,9800,sample_user,
Thu Mar 05 2015 00:00:00 GMT+0900 (JST),ガソリン代,4400,sample_user,
Thu Mar 05 2015 00:00:00 GMT+0900 (JST),日用品,9900,sample_user,
Fri Mar 06 2015 00:00:00 GMT+0900 (JST),日用品,2500,sample_user,
Fri Mar 06 2015 00:00:00 GMT+0900 (JST),食費,9000,sample_user,
Fri Mar 06 2015 00:00:00 GMT+0900 (JST),ガソリン代,1500,sample_user,
Fri Mar 06 2015 00:00:00 GMT+0900 (JST),ガス料金,2400,sample_user,
Fri Mar 06 2015 00:00:00 GMT+0900 (JST),ガス料金,7900,sample_user,
Sat Mar 07 2015 00:00:00 GMT+0900 (JST),ガソリン代,6100,sample_user,
Sat Mar 07 2015 00:00:00 GMT+0900 (JST),電気代,4500,sample_user,
Sat Mar 07 2015 00:00:00 GMT+0900 (JST),家財道具,7700,sample_user,
Sat Mar 07 2015 00:00:00 GMT+0900 (JST),その他項目,1300,sample_user,
Sat Mar 07 2015 00:00:00 GMT+0900 (JST),家賃,7600,sample_user,
Sun Mar 08 2015 00:00:00 GMT+0900 (JST),日用品,1300,sample_user,
Sun Mar 08 2015 00:00:00 GMT+0900 (JST),電気代,4800,sample_user,
Sun Mar 08 2015 00:00:00 GMT+0900 (JST),ガソリン代,4100,sample_user,
Mon Mar 09 2015 00:00:00 GMT+0900 (JST),家賃,2300,sample_user,
Mon Mar 09 2015 00:00:00 GMT+0900 (JST),食費,5900,sample_user,
Tue Mar 10 2015 00:00:00 GMT+0900 (JST),ガソリン代,9100,sample_user,
Tue Mar 10 2015 00:00:00 GMT+0900 (JST),電気代,5100,sample_user,
Wed Mar 11 2015 00:00:00 GMT+0900 (JST),ガソリン代,3200,sample_user,
Wed Mar 11 2015 00:00:00 GMT+0900 (JST),家賃,4000,sample_user,
Wed Mar 11 2015 00:00:00 GMT+0900 (JST),ガソリン代,8300,sample_user,
Thu Mar 12 2015 00:00:00 GMT+0900 (JST),食費,2100,sample_user,
Fri Mar 13 2015 00:00:00 GMT+0900 (JST),食費,2100,sample_user,
Sat Mar 14 2015 00:00:00 GMT+0900 (JST),ガス料金,8000,sample_user,
Sat Mar 14 2015 00:00:00 GMT+0900 (JST),家財道具,6900,sample_user,
Sat Mar 14 2015 00:00:00 GMT+0900 (JST),日用品,3900,sample_user,
Sun Mar 15 2015 00:00:00 GMT+0900 (JST),ガソリン代,3200,sample_user,
Sun Mar 15 2015 00:00:00 GMT+0900 (JST),日用品,9900,sample_user,
Mon Mar 16 2015 00:00:00 GMT+0900 (JST),家賃,9900,sample_user,
Mon Mar 16 2015 00:00:00 GMT+0900 (JST),電気代,1500,sample_user,
Tue Mar 17 2015 00:00:00 GMT+0900 (JST),電気代,1000,sample_user,
Tue Mar 17 2015 00:00:00 GMT+0900 (JST),水道代,9800,sample_user,
Tue Mar 17 2015 00:00:00 GMT+0900 (JST),電気代,9800,sample_user,
Tue Mar 17 2015 00:00:00 GMT+0900 (JST),ガス料金,8400,sample_user,
Wed Mar 18 2015 00:00:00 GMT+0900 (JST),ガス料金,7500,sample_user,
Wed Mar 18 2015 00:00:00 GMT+0900 (JST),水道代,4700,sample_user,
Wed Mar 18 2015 00:00:00 GMT+0900 (JST),電気代,8200,sample_user,
Wed Mar 18 2015 00:00:00 GMT+0900 (JST),日用品,2800,sample_user,
Wed Mar 18 2015 00:00:00 GMT+0900 (JST),水道代,8800,sample_user,
Thu Mar 19 2015 00:00:00 GMT+0900 (JST),食費,5500,sample_user,
Thu Mar 19 2015 00:00:00 GMT+0900 (JST),その他項目,8400,sample_user,
Fri Mar 20 2015 00:00:00 GMT+0900 (JST),家賃,7200,sample_user,
Fri Mar 20 2015 00:00:00 GMT+0900 (JST),ガソリン代,8400,sample_user,
Fri Mar 20 2015 00:00:00 GMT+0900 (JST),その他項目,5900,sample_user,
Fri Mar 20 2015 00:00:00 GMT+0900 (JST),ガソリン代,5100,sample_user,
Fri Mar 20 2015 00:00:00 GMT+0900 (JST),ガソリン代,6100,sample_user,
Sat Mar 21 2015 00:00:00 GMT+0900 (JST),ガソリン代,9100,sample_user,
Sat Mar 21 2015 00:00:00 GMT+0900 (JST),日用品,1000,sample_user,
Sun Mar 22 2015 00:00:00 GMT+0900 (JST),食費,4900,sample_user,
Sun Mar 22 2015 00:00:00 GMT+0900 (JST),食費,4300,sample_user,
Sun Mar 22 2015 00:00:00 GMT+0900 (JST),家財道具,7300,sample_user,
Sun Mar 22 2015 00:00:00 GMT+0900 (JST),家賃,9200,sample_user,
Mon Mar 23 2015 00:00:00 GMT+0900 (JST),食費,1100,sample_user,
Mon Mar 23 2015 00:00:00 GMT+0900 (JST),日用品,7600,sample_user,
Tue Mar 24 2015 00:00:00 GMT+0900 (JST),家財道具,9400,sample_user,
Wed Mar 25 2015 00:00:00 GMT+0900 (JST),食費,5500,sample_user,
Wed Mar 25 2015 00:00:00 GMT+0900 (JST),ガソリン代,3100,sample_user,
Fri Mar 27 2015 00:00:00 GMT+0900 (JST),電気代,4900,sample_user,
Fri Mar 27 2015 00:00:00 GMT+0900 (JST),電気代,5700,sample_user,
Fri Mar 27 2015 00:00:00 GMT+0900 (JST),食費,6800,sample_user,
Fri Mar 27 2015 00:00:00 GMT+0900 (JST),ガス料金,7200,sample_user,
Fri Mar 27 2015 00:00:00 GMT+0900 (JST),水道代,5100,sample_user,
Sat Mar 28 2015 00:00:00 GMT+0900 (JST),ガス料金,8600,sample_user,
Sat Mar 28 2015 00:00:00 GMT+0900 (JST),ガソリン代,5700,sample_user,
Sat Mar 28 2015 00:00:00 GMT+0900 (JST),ガソリン代,9700,sample_user,
Sun Mar 29 2015 00:00:00 GMT+0900 (JST),日用品,6100,sample_user,
Sun Mar 29 2015 00:00:00 GMT+0900 (JST),ガソリン代,3500,sample_user,
Sun Mar 29 2015 00:00:00 GMT+0900 (JST),ガソリン代,10000,sample_user,
Sun Mar 29 2015 00:00:00 GMT+0900 (JST),日用品,2100,sample_user,
Mon Mar 30 2015 00:00:00 GMT+0900 (JST),ガソリン代,10000,sample_user,
Mon Mar 30 2015 00:00:00 GMT+0900 (JST),日用品,7300,sample_user,
Mon Mar 30 2015 00:00:00 GMT+0900 (JST),食費,5700,sample_user,
Mon Mar 30 2015 00:00:00 GMT+0900 (JST),水道代,3200,sample_user,
Mon Mar 30 2015 00:00:00 GMT+0900 (JST),ガス料金,4200,sample_user,
Tue Mar 31 2015 00:00:00 GMT+0900 (JST),家財道具,1700,sample_user,
Tue Mar 31 2015 00:00:00 GMT+0900 (JST),水道代,8000,sample_user,
Tue Mar 31 2015 00:00:00 GMT+0900 (JST),ガス料金,5800,sample_user,
Wed Apr 01 2015 00:00:00 GMT+0900 (JST),電気代,4800,sample_user,
Wed Apr 01 2015 00:00:00 GMT+0900 (JST),家賃,7100,sample_user,
Wed Apr 01 2015 00:00:00 GMT+0900 (JST),家賃,7400,sample_user,
Wed Apr 01 2015 00:00:00 GMT+0900 (JST),その他項目,4500,sample_user,
Thu Apr 02 2015 00:00:00 GMT+0900 (JST),家賃,2100,sample_user,
Thu Apr 02 2015 00:00:00 GMT+0900 (JST),家賃,6900,sample_user,
Thu Apr 02 2015 00:00:00 GMT+0900 (JST),家賃,4100,sample_user,
Fri Apr 03 2015 00:00:00 GMT+0900 (JST),その他項目,2200,sample_user,
Fri Apr 03 2015 00:00:00 GMT+0900 (JST),その他項目,3100,sample_user,
Fri Apr 03 2015 00:00:00 GMT+0900 (JST),ガソリン代,6200,sample_user,
Sat Apr 04 2015 00:00:00 GMT+0900 (JST),ガソリン代,7100,sample_user,
Sat Apr 04 2015 00:00:00 GMT+0900 (JST),家財道具,1500,sample_user,
Sun Apr 05 2015 00:00:00 GMT+0900 (JST),ガス料金,2700,sample_user,
Sun Apr 05 2015 00:00:00 GMT+0900 (JST),水道代,7400,sample_user,
Mon Apr 06 2015 00:00:00 GMT+0900 (JST),日用品,9500,sample_user,
Mon Apr 06 2015 00:00:00 GMT+0900 (JST),食費,3200,sample_user,
Tue Apr 07 2015 00:00:00 GMT+0900 (JST),その他項目,4100,sample_user,
Tue Apr 07 2015 00:00:00 GMT+0900 (JST),水道代,3400,sample_user,
Tue Apr 07 2015 00:00:00 GMT+0900 (JST),ガス料金,3200,sample_user,
Tue Apr 07 2015 00:00:00 GMT+0900 (JST),ガソリン代,4300,sample_user,
Tue Apr 07 2015 00:00:00 GMT+0900 (JST),ガソリン代,5700,sample_user,
Fri Apr 10 2015 00:00:00 GMT+0900 (JST),電気代,8500,sample_user,
Fri Apr 10 2015 00:00:00 GMT+0900 (JST),日用品,3900,sample_user,
Fri Apr 10 2015 00:00:00 GMT+0900 (JST),その他項目,8800,sample_user,
Sat Apr 11 2015 00:00:00 GMT+0900 (JST),ガス料金,2700,sample_user,
Sat Apr 11 2015 00:00:00 GMT+0900 (JST),食費,9000,sample_user,
Sat Apr 11 2015 00:00:00 GMT+0900 (JST),電気代,6100,sample_user,
Sat Apr 11 2015 00:00:00 GMT+0900 (JST),家賃,6000,sample_user,
Thu Apr 16 2015 00:00:00 GMT+0900 (JST),電気代,4600,sample_user,
Thu Apr 16 2015 00:00:00 GMT+0900 (JST),ガソリン代,8600,sample_user,
Thu Apr 16 2015 00:00:00 GMT+0900 (JST),電気代,1700,sample_user,
Thu Apr 16 2015 00:00:00 GMT+0900 (JST),ガス料金,5300,sample_user,
Fri Apr 17 2015 00:00:00 GMT+0900 (JST),電気代,9400,sample_user,
Fri Apr 17 2015 00:00:00 GMT+0900 (JST),日用品,8500,sample_user,
Fri Apr 17 2015 00:00:00 GMT+0900 (JST),その他項目,5400,sample_user,
Sat Apr 18 2015 00:00:00 GMT+0900 (JST),電気代,10000,sample_user,
Sun Apr 19 2015 00:00:00 GMT+0900 (JST),家賃,1900,sample_user,
Sun Apr 19 2015 00:00:00 GMT+0900 (JST),ガソリン代,5400,sample_user,
Mon Apr 20 2015 00:00:00 GMT+0900 (JST),食費,3900,sample_user,
Mon Apr 20 2015 00:00:00 GMT+0900 (JST),家賃,9100,sample_user,
Tue Apr 21 2015 00:00:00 GMT+0900 (JST),食費,4500,sample_user,
Tue Apr 21 2015 00:00:00 GMT+0900 (JST),食費,7200,sample_user,
Tue Apr 21 2015 00:00:00 GMT+0900 (JST),電気代,6100,sample_user,
Tue Apr 21 2015 00:00:00 GMT+0900 (JST),食費,7200,sample_user,
Wed Apr 22 2015 00:00:00 GMT+0900 (JST),電気代,9500,sample_user,
Thu Apr 23 2015 00:00:00 GMT+0900 (JST),家賃,1400,sample_user,
Thu Apr 23 2015 00:00:00 GMT+0900 (JST),食費,8200,sample_user,
Thu Apr 23 2015 00:00:00 GMT+0900 (JST),電気代,8200,sample_user,
Fri Apr 24 2015 00:00:00 GMT+0900 (JST),ガス料金,1700,sample_user,
Fri Apr 24 2015 00:00:00 GMT+0900 (JST),ガス料金,7000,sample_user,
Sat Apr 25 2015 00:00:00 GMT+0900 (JST),食費,9300,sample_user,
Sat Apr 25 2015 00:00:00 GMT+0900 (JST),日用品,5900,sample_user,
Sun Apr 26 2015 00:00:00 GMT+0900 (JST),家賃,6800,sample_user,
Sun Apr 26 2015 00:00:00 GMT+0900 (JST),家財道具,5000,sample_user,
Mon Apr 27 2015 00:00:00 GMT+0900 (JST),家賃,9700,sample_user,
Mon Apr 27 2015 00:00:00 GMT+0900 (JST),食費,4100,sample_user,
Mon Apr 27 2015 00:00:00 GMT+0900 (JST),家賃,8500,sample_user,
Mon Apr 27 2015 00:00:00 GMT+0900 (JST),ガス料金,2400,sample_user,
Mon Apr 27 2015 00:00:00 GMT+0900 (JST),家賃,7100,sample_user,
Tue Apr 28 2015 00:00:00 GMT+0900 (JST),食費,8000,sample_user,
Tue Apr 28 2015 00:00:00 GMT+0900 (JST),日用品,1700,sample_user,
Tue Apr 28 2015 00:00:00 GMT+0900 (JST),電気代,2100,sample_user,
Wed Apr 29 2015 00:00:00 GMT+0900 (JST),食費,5500,sample_user,
Wed Apr 29 2015 00:00:00 GMT+0900 (JST),食費,8400,sample_user,
Wed Apr 29 2015 00:00:00 GMT+0900 (JST),水道代,9600,sample_user,
Wed Apr 29 2015 00:00:00 GMT+0900 (JST),電気代,5900,sample_user,
Wed Apr 29 2015 00:00:00 GMT+0900 (JST),食費,9400,sample_user,
Wed Apr 29 2015 00:00:00 GMT+0900 (JST),ガソリン代,8500,sample_user,
Thu Apr 30 2015 00:00:00 GMT+0900 (JST),日用品,6600,sample_user,
Thu Apr 30 2015 00:00:00 GMT+0900 (JST),その他項目,4500,sample_user,
Thu Apr 30 2015 00:00:00 GMT+0900 (JST),家財道具,3900,sample_user,
Fri May 01 2015 00:00:00 GMT+0900 (JST),ガソリン代,5200,sample_user,
Fri May 01 2015 00:00:00 GMT+0900 (JST),その他項目,5500,sample_user,
Fri May 01 2015 00:00:00 GMT+0900 (JST),電気代,7700,sample_user,
Sat May 02 2015 00:00:00 GMT+0900 (JST),水道代,6500,sample_user,
Sat May 02 2015 00:00:00 GMT+0900 (JST),ガソリン代,2300,sample_user,
Sun May 03 2015 00:00:00 GMT+0900 (JST),食費,2300,sample_user,
Sun May 03 2015 00:00:00 GMT+0900 (JST),ガソリン代,8400,sample_user,
Sun May 03 2015 00:00:00 GMT+0900 (JST),ガス料金,1200,sample_user,
Sun May 03 2015 00:00:00 GMT+0900 (JST),水道代,3800,sample_user,
Sun May 03 2015 00:00:00 GMT+0900 (JST),家賃,9500,sample_user,
Sun May 03 2015 00:00:00 GMT+0900 (JST),日用品,7200,sample_user,
Mon May 04 2015 00:00:00 GMT+0900 (JST),家財道具,1800,sample_user,
Tue May 05 2015 00:00:00 GMT+0900 (JST),家賃,9200,sample_user,
Tue May 05 2015 00:00:00 GMT+0900 (JST),ガソリン代,1500,sample_user,
Tue May 05 2015 00:00:00 GMT+0900 (JST),ガソリン代,2600,sample_user,
Tue May 05 2015 00:00:00 GMT+0900 (JST),食費,3500,sample_user,
Thu May 07 2015 00:00:00 GMT+0900 (JST),ガソリン代,5400,sample_user,
Thu May 07 2015 00:00:00 GMT+0900 (JST),ガス料金,5300,sample_user,
Thu May 07 2015 00:00:00 GMT+0900 (JST),家賃,4900,sample_user,
Sat May 09 2015 00:00:00 GMT+0900 (JST),食費,1900,sample_user,
Sat May 09 2015 00:00:00 GMT+0900 (JST),ガソリン代,1400,sample_user,
Sat May 09 2015 00:00:00 GMT+0900 (JST),電気代,6300,sample_user,
Sun May 10 2015 00:00:00 GMT+0900 (JST),電気代,2900,sample_user,
Sun May 10 2015 00:00:00 GMT+0900 (JST),その他項目,7700,sample_user,
Mon May 11 2015 00:00:00 GMT+0900 (JST),家賃,7200,sample_user,
Mon May 11 2015 00:00:00 GMT+0900 (JST),電気代,3700,sample_user,
Mon May 11 2015 00:00:00 GMT+0900 (JST),家財道具,5500,sample_user,
Mon May 11 2015 00:00:00 GMT+0900 (JST),その他項目,9300,sample_user,
Mon May 11 2015 00:00:00 GMT+0900 (JST),電気代,2900,sample_user,
Mon May 11 2015 00:00:00 GMT+0900 (JST),ガソリン代,5000,sample_user,
Tue May 12 2015 00:00:00 GMT+0900 (JST),その他項目,5400,sample_user,
Tue May 12 2015 00:00:00 GMT+0900 (JST),ガス料金,9900,sample_user,
Tue May 12 2015 00:00:00 GMT+0900 (JST),水道代,1600,sample_user,
Tue May 12 2015 00:00:00 GMT+0900 (JST),電気代,5600,sample_user,
Tue May 12 2015 00:00:00 GMT+0900 (JST),ガス料金,5200,sample_user,
Wed May 13 2015 00:00:00 GMT+0900 (JST),日用品,8300,sample_user,
Thu May 14 2015 00:00:00 GMT+0900 (JST),食費,6800,sample_user,
Fri May 15 2015 00:00:00 GMT+0900 (JST),家賃,7100,sample_user,
Fri May 15 2015 00:00:00 GMT+0900 (JST),家賃,7300,sample_user,
Sun May 17 2015 00:00:00 GMT+0900 (JST),その他項目,6400,sample_user,
Mon May 18 2015 00:00:00 GMT+0900 (JST),家賃,3700,sample_user,
Mon May 18 2015 00:00:00 GMT+0900 (JST),電気代,8600,sample_user,
Mon May 18 2015 00:00:00 GMT+0900 (JST),水道代,7700,sample_user,
Tue May 19 2015 00:00:00 GMT+0900 (JST),日用品,5000,sample_user,
Tue May 19 2015 00:00:00 GMT+0900 (JST),ガス料金,8400,sample_user,
Tue May 19 2015 00:00:00 GMT+0900 (JST),その他項目,1200,sample_user,
Wed May 20 2015 00:00:00 GMT+0900 (JST),日用品,9000,sample_user,
Wed May 20 2015 00:00:00 GMT+0900 (JST),その他項目,4700,sample_user,
Wed May 20 2015 00:00:00 GMT+0900 (JST),その他項目,2800,sample_user,
Wed May 20 2015 00:00:00 GMT+0900 (JST),電気代,6200,sample_user,
Wed May 20 2015 00:00:00 GMT+0900 (JST),日用品,5800,sample_user,
Thu May 21 2015 00:00:00 GMT+0900 (JST),家賃,6000,sample_user,
Thu May 21 2015 00:00:00 GMT+0900 (JST),水道代,1600,sample_user,
Thu May 21 2015 00:00:00 GMT+0900 (JST),水道代,4400,sample_user,
Fri May 22 2015 00:00:00 GMT+0900 (JST),電気代,4200,sample_user,
Fri May 22 2015 00:00:00 GMT+0900 (JST),その他項目,2800,sample_user,
Fri May 22 2015 00:00:00 GMT+0900 (JST),家賃,6500,sample_user,
Fri May 22 2015 00:00:00 GMT+0900 (JST),家賃,9600,sample_user,
Fri May 22 2015 00:00:00 GMT+0900 (JST),ガス料金,5900,sample_user,
Fri May 22 2015 00:00:00 GMT+0900 (JST),その他項目,2800,sample_user,
Sat May 23 2015 00:00:00 GMT+0900 (JST),ガソリン代,2600,sample_user,
Sat May 23 2015 00:00:00 GMT+0900 (JST),家財道具,1200,sample_user,
Sat May 23 2015 00:00:00 GMT+0900 (JST),その他項目,7200,sample_user,
Sun May 24 2015 00:00:00 GMT+0900 (JST),日用品,6200,sample_user,
Sun May 24 2015 00:00:00 GMT+0900 (JST),家財道具,3300,sample_user,
Mon May 25 2015 00:00:00 GMT+0900 (JST),ガソリン代,2800,sample_user,
Mon May 25 2015 00:00:00 GMT+0900 (JST),家財道具,4700,sample_user,
Mon May 25 2015 00:00:00 GMT+0900 (JST),水道代,9400,sample_user,
Tue May 26 2015 00:00:00 GMT+0900 (JST),家賃,9700,sample_user,
Tue May 26 2015 00:00:00 GMT+0900 (JST),家財道具,7100,sample_user,
Tue May 26 2015 00:00:00 GMT+0900 (JST),その他項目,3400,sample_user,
Wed May 27 2015 00:00:00 GMT+0900 (JST),家財道具,9700,sample_user,
Wed May 27 2015 00:00:00 GMT+0900 (JST),日用品,2500,sample_user,
Thu May 28 2015 00:00:00 GMT+0900 (JST),家賃,1300,sample_user,
Thu May 28 2015 00:00:00 GMT+0900 (JST),その他項目,7400,sample_user,
Thu May 28 2015 00:00:00 GMT+0900 (JST),家財道具,4300,sample_user,
Fri May 29 2015 00:00:00 GMT+0900 (JST),日用品,9800,sample_user,
Fri May 29 2015 00:00:00 GMT+0900 (JST),水道代,3300,sample_user,
Sat May 30 2015 00:00:00 GMT+0900 (JST),食費,9000,sample_user,
Sun May 31 2015 00:00:00 GMT+0900 (JST),家賃,6300,sample_user,
Sun May 31 2015 00:00:00 GMT+0900 (JST),電気代,9200,sample_user,
Mon Jun 01 2015 00:00:00 GMT+0900 (JST),家賃,6200,sample_user,
Mon Jun 01 2015 00:00:00 GMT+0900 (JST),電気代,7800,sample_user,
Tue Jun 02 2015 00:00:00 GMT+0900 (JST),ガソリン代,1000,sample_user,
Tue Jun 02 2015 00:00:00 GMT+0900 (JST),ガス料金,7500,sample_user,
Tue Jun 02 2015 00:00:00 GMT+0900 (JST),日用品,8700,sample_user,
Wed Jun 03 2015 00:00:00 GMT+0900 (JST),日用品,1700,sample_user,
Wed Jun 03 2015 00:00:00 GMT+0900 (JST),その他項目,4300,sample_user,
Wed Jun 03 2015 00:00:00 GMT+0900 (JST),ガス料金,9500,sample_user,
Wed Jun 03 2015 00:00:00 GMT+0900 (JST),家賃,5000,sample_user,
Thu Jun 04 2015 00:00:00 GMT+0900 (JST),日用品,4100,sample_user,
Thu Jun 04 2015 00:00:00 GMT+0900 (JST),家賃,2300,sample_user,
Fri Jun 05 2015 00:00:00 GMT+0900 (JST),日用品,8900,sample_user,
Fri Jun 05 2015 00:00:00 GMT+0900 (JST),家賃,4100,sample_user,
Sat Jun 06 2015 00:00:00 GMT+0900 (JST),ガソリン代,5600,sample_user,
Sat Jun 06 2015 00:00:00 GMT+0900 (JST),水道代,6500,sample_user,
Sat Jun 06 2015 00:00:00 GMT+0900 (JST),家賃,9900,sample_user,
Sat Jun 06 2015 00:00:00 GMT+0900 (JST),日用品,7800,sample_user,
Sun Jun 07 2015 00:00:00 GMT+0900 (JST),日用品,7600,sample_user,
Sun Jun 07 2015 00:00:00 GMT+0900 (JST),電気代,4200,sample_user,
Sun Jun 07 2015 00:00:00 GMT+0900 (JST),水道代,2900,sample_user,
Sun Jun 07 2015 00:00:00 GMT+0900 (JST),ガス料金,2000,sample_user,
Sun Jun 07 2015 00:00:00 GMT+0900 (JST),食費,5700,sample_user,
Mon Jun 08 2015 00:00:00 GMT+0900 (JST),家財道具,7100,sample_user,
Mon Jun 08 2015 00:00:00 GMT+0900 (JST),ガソリン代,1200,sample_user,
Mon Jun 08 2015 00:00:00 GMT+0900 (JST),電気代,1600,sample_user,
Tue Jun 09 2015 00:00:00 GMT+0900 (JST),ガソリン代,7700,sample_user,
Tue Jun 09 2015 00:00:00 GMT+0900 (JST),家賃,4700,sample_user,
Tue Jun 09 2015 00:00:00 GMT+0900 (JST),家賃,5100,sample_user,
Tue Jun 09 2015 00:00:00 GMT+0900 (JST),その他項目,2100,sample_user,
Wed Jun 10 2015 00:00:00 GMT+0900 (JST),食費,7800,sample_user,
Wed Jun 10 2015 00:00:00 GMT+0900 (JST),ガソリン代,4300,sample_user,
Wed Jun 10 2015 00:00:00 GMT+0900 (JST),ガソリン代,1500,sample_user,
Wed Jun 10 2015 00:00:00 GMT+0900 (JST),水道代,2200,sample_user,
Thu Jun 11 2015 00:00:00 GMT+0900 (JST),ガス料金,3000,sample_user,
Thu Jun 11 2015 00:00:00 GMT+0900 (JST),家財道具,1900,sample_user,
Thu Jun 11 2015 00:00:00 GMT+0900 (JST),ガス料金,7400,sample_user,
Fri Jun 12 2015 00:00:00 GMT+0900 (JST),電気代,8300,sample_user,
Fri Jun 12 2015 00:00:00 GMT+0900 (JST),日用品,5600,sample_user,
Fri Jun 12 2015 00:00:00 GMT+0900 (JST),水道代,1200,sample_user,
Sat Jun 20 2015 00:00:00 GMT+0900 (JST),日用品,1600,sample_user,
Sat Jun 20 2015 00:00:00 GMT+0900 (JST),食費,3700,sample_user,
Sun Jun 21 2015 00:00:00 GMT+0900 (JST),食費,7300,sample_user,
Sun Jun 21 2015 00:00:00 GMT+0900 (JST),その他項目,5600,sample_user,
Mon Jun 22 2015 00:00:00 GMT+0900 (JST),家賃,7200,sample_user,
Tue Jun 23 2015 00:00:00 GMT+0900 (JST),日用品,1600,sample_user,
Tue Jun 23 2015 00:00:00 GMT+0900 (JST),電気代,3400,sample_user,
Tue Jun 23 2015 00:00:00 GMT+0900 (JST),食費,5100,sample_user,
Tue Jun 23 2015 00:00:00 GMT+0900 (JST),ガス料金,7000,sample_user,
Tue Jun 23 2015 00:00:00 GMT+0900 (JST),電気代,2900,sample_user,
Tue Jun 23 2015 00:00:00 GMT+0900 (JST),ガス料金,4600,sample_user,
Wed Jun 24 2015 00:00:00 GMT+0900 (JST),ガソリン代,2400,sample_user,
Wed Jun 24 2015 00:00:00 GMT+0900 (JST),家賃,9900,sample_user,
Wed Jun 24 2015 00:00:00 GMT+0900 (JST),家賃,2000,sample_user,
Wed Jun 24 2015 00:00:00 GMT+0900 (JST),電気代,5900,sample_user,
Wed Jun 24 2015 00:00:00 GMT+0900 (JST),ガソリン代,5600,sample_user,
Wed Jun 24 2015 00:00:00 GMT+0900 (JST),家財道具,5700,sample_user,
Thu Jun 25 2015 00:00:00 GMT+0900 (JST),水道代,5800,sample_user,
Thu Jun 25 2015 00:00:00 GMT+0900 (JST),家財道具,5200,sample_user,
Thu Jun 25 2015 00:00:00 GMT+0900 (JST),その他項目,5300,sample_user,
Thu Jun 25 2015 00:00:00 GMT+0900 (JST),電気代,3000,sample_user,
Thu Jun 25 2015 00:00:00 GMT+0900 (JST),その他項目,9000,sample_user,
Thu Jun 25 2015 00:00:00 GMT+0900 (JST),家財道具,6400,sample_user,
Thu Jun 25 2015 00:00:00 GMT+0900 (JST),家財道具,5500,sample_user,
Thu Jun 25 2015 00:00:00 GMT+0900 (JST),その他項目,7400,sample_user,
Thu Jun 25 2015 00:00:00 GMT+0900 (JST),家財道具,4000,sample_user,
Thu Jun 25 2015 00:00:00 GMT+0900 (JST),その他項目,1800,sample_user,
Thu Jun 25 2015 00:00:00 GMT+0900 (JST),電気代,1100,sample_user,
Thu Jun 25 2015 00:00:00 GMT+0900 (JST),その他項目,5900,sample_user,
Thu Jun 25 2015 00:00:00 GMT+0900 (JST),ガソリン代,9900,sample_user,
Thu Jun 25 2015 00:00:00 GMT+0900 (JST),家賃,6800,sample_user,
Fri Jun 26 2015 00:00:00 GMT+0900 (JST),その他項目,2400,sample_user,
Fri Jun 26 2015 00:00:00 GMT+0900 (JST),家賃,7800,sample_user,
Fri Jun 26 2015 00:00:00 GMT+0900 (JST),水道代,1500,sample_user,
Sat Jun 27 2015 00:00:00 GMT+0900 (JST),家賃,3600,sample_user,
Sat Jun 27 2015 00:00:00 GMT+0900 (JST),家財道具,3800,sample_user,
Sat Jun 27 2015 00:00:00 GMT+0900 (JST),食費,3800,sample_user,
Sun Jun 28 2015 00:00:00 GMT+0900 (JST),家賃,2800,sample_user,
Sun Jun 28 2015 00:00:00 GMT+0900 (JST),食費,6400,sample_user,
Sun Jun 28 2015 00:00:00 GMT+0900 (JST),家財道具,7700,sample_user,
Sun Jun 28 2015 00:00:00 GMT+0900 (JST),日用品,7700,sample_user,
Sun Jun 28 2015 00:00:00 GMT+0900 (JST),食費,5100,sample_user,
Sun Jun 28 2015 00:00:00 GMT+0900 (JST),家財道具,1000,sample_user,
Mon Jun 29 2015 00:00:00 GMT+0900 (JST),電気代,9000,sample_user,
Mon Jun 29 2015 00:00:00 GMT+0900 (JST),家賃,2400,sample_user,
Mon Jun 29 2015 00:00:00 GMT+0900 (JST),日用品,1100,sample_user,
Mon Jun 29 2015 00:00:00 GMT+0900 (JST),電気代,2500,sample_user,
Mon Jun 29 2015 00:00:00 GMT+0900 (JST),水道代,6500,sample_user,
Tue Jun 30 2015 00:00:00 GMT+0900 (JST),電気代,9600,sample_user,
Tue Jun 30 2015 00:00:00 GMT+0900 (JST),食費,5600,sample_user,
Tue Jun 30 2015 00:00:00 GMT+0900 (JST),日用品,6600,sample_user,
Tue Jun 30 2015 00:00:00 GMT+0900 (JST),家賃,9400,sample_user,
Tue Jun 30 2015 00:00:00 GMT+0900 (JST),電気代,9700,sample_user,
Wed Jul 01 2015 00:00:00 GMT+0900 (JST),水道代,5900,sample_user,
Wed Jul 01 2015 00:00:00 GMT+0900 (JST),日用品,6800,sample_user,
Wed Jul 01 2015 00:00:00 GMT+0900 (JST),食費,4600,sample_user,
Wed Jul 01 2015 00:00:00 GMT+0900 (JST),ガス料金,2200,sample_user,
Wed Jul 01 2015 00:00:00 GMT+0900 (JST),家財道具,9900,sample_user,
Wed Jul 01 2015 00:00:00 GMT+0900 (JST),その他項目,8700,sample_user,
Thu Jul 02 2015 00:00:00 GMT+0900 (JST),ガス料金,9500,sample_user,
Thu Jul 02 2015 00:00:00 GMT+0900 (JST),その他項目,1100,sample_user,
Thu Jul 02 2015 00:00:00 GMT+0900 (JST),家財道具,5300,sample_user,
Thu Jul 02 2015 00:00:00 GMT+0900 (JST),水道代,4100,sample_user,
Thu Jul 02 2015 00:00:00 GMT+0900 (JST),電気代,8000,sample_user,
Thu Jul 02 2015 00:00:00 GMT+0900 (JST),水道代,6300,sample_user,
Fri Jul 03 2015 00:00:00 GMT+0900 (JST),家賃,7800,sample_user,
Fri Jul 03 2015 00:00:00 GMT+0900 (JST),水道代,8600,sample_user,
Fri Jul 03 2015 00:00:00 GMT+0900 (JST),電気代,9900,sample_user,
Fri Jul 03 2015 00:00:00 GMT+0900 (JST),ガス料金,2300,sample_user,
Fri Jul 03 2015 00:00:00 GMT+0900 (JST),家賃,2300,sample_user,
Sat Jul 04 2015 00:00:00 GMT+0900 (JST),水道代,5700,sample_user,
Sat Jul 04 2015 00:00:00 GMT+0900 (JST),日用品,7500,sample_user,
Sat Jul 04 2015 00:00:00 GMT+0900 (JST),ガス料金,7900,sample_user,
Sat Jul 04 2015 00:00:00 GMT+0900 (JST),ガス料金,3200,sample_user,
Sun Jul 05 2015 00:00:00 GMT+0900 (JST),電気代,3500,sample_user,
Sun Jul 05 2015 00:00:00 GMT+0900 (JST),家賃,9400,sample_user,
Sun Jul 05 2015 00:00:00 GMT+0900 (JST),家賃,1700,sample_user,
Sun Jul 05 2015 00:00:00 GMT+0900 (JST),家財道具,3300,sample_user,
Sun Jul 05 2015 00:00:00 GMT+0900 (JST),家賃,7900,sample_user,
Sun Jul 05 2015 00:00:00 GMT+0900 (JST),日用品,7600,sample_user,
Sun Jul 05 2015 00:00:00 GMT+0900 (JST),日用品,8400,sample_user,
Sun Jul 05 2015 00:00:00 GMT+0900 (JST),食費,9700,sample_user,
Mon Jul 06 2015 00:00:00 GMT+0900 (JST),ガソリン代,5200,sample_user,
Mon Jul 06 2015 00:00:00 GMT+0900 (JST),家賃,6800,sample_user,
Tue Jul 07 2015 00:00:00 GMT+0900 (JST),水道代,8100,sample_user,
Wed Jul 08 2015 00:00:00 GMT+0900 (JST),その他項目,8200,sample_user,
Wed Jul 08 2015 00:00:00 GMT+0900 (JST),日用品,9300,sample_user,
Wed Jul 08 2015 00:00:00 GMT+0900 (JST),ガス料金,4500,sample_user,
Wed Jul 08 2015 00:00:00 GMT+0900 (JST),家賃,7300,sample_user,
Wed Jul 08 2015 00:00:00 GMT+0900 (JST),日用品,5100,sample_user,
Thu Jul 09 2015 00:00:00 GMT+0900 (JST),電気代,5600,sample_user,
Thu Jul 09 2015 00:00:00 GMT+0900 (JST),その他項目,7600,sample_user,
Thu Jul 09 2015 00:00:00 GMT+0900 (JST),ガソリン代,2200,sample_user,
Fri Jul 10 2015 00:00:00 GMT+0900 (JST),食費,6400,sample_user,
Fri Jul 10 2015 00:00:00 GMT+0900 (JST),家賃,7800,sample_user,
Fri Jul 10 2015 00:00:00 GMT+0900 (JST),水道代,4400,sample_user,
Fri Jul 10 2015 00:00:00 GMT+0900 (JST),食費,8800,sample_user,
Fri Jul 10 2015 00:00:00 GMT+0900 (JST),水道代,8400,sample_user,
Fri Jul 10 2015 00:00:00 GMT+0900 (JST),その他項目,1500,sample_user,
Fri Jul 10 2015 00:00:00 GMT+0900 (JST),電気代,3300,sample_user,
Sat Jul 11 2015 00:00:00 GMT+0900 (JST),電気代,5000,sample_user,
Sat Jul 11 2015 00:00:00 GMT+0900 (JST),日用品,9000,sample_user,
Sat Jul 11 2015 00:00:00 GMT+0900 (JST),家賃,9300,sample_user,
Sat Jul 11 2015 00:00:00 GMT+0900 (JST),日用品,4400,sample_user,
Sat Jul 11 2015 00:00:00 GMT+0900 (JST),ガス料金,10000,sample_user,
Sun Jul 12 2015 00:00:00 GMT+0900 (JST),家賃,6200,sample_user,
Sun Jul 12 2015 00:00:00 GMT+0900 (JST),食費,7700,sample_user,
Sun Jul 12 2015 00:00:00 GMT+0900 (JST),ガス料金,9000,sample_user,
Sun Jul 12 2015 00:00:00 GMT+0900 (JST),ガス料金,8200,sample_user,
Mon Jul 13 2015 00:00:00 GMT+0900 (JST),家財道具,8800,sample_user,
Mon Jul 13 2015 00:00:00 GMT+0900 (JST),ガソリン代,8300,sample_user,
Mon Jul 13 2015 00:00:00 GMT+0900 (JST),日用品,7300,sample_user,
Mon Jul 13 2015 00:00:00 GMT+0900 (JST),食費,6500,sample_user,
Mon Jul 13 2015 00:00:00 GMT+0900 (JST),ガソリン代,4900,sample_user,
Mon Jul 13 2015 00:00:00 GMT+0900 (JST),電気代,8100,sample_user,
Mon Jul 13 2015 00:00:00 GMT+0900 (JST),電気代,6300,sample_user,
Mon Jul 13 2015 00:00:00 GMT+0900 (JST),日用品,7500,sample_user,
Tue Jul 14 2015 00:00:00 GMT+0900 (JST),食費,8900,sample_user,
Tue Jul 14 2015 00:00:00 GMT+0900 (JST),家賃,2000,sample_user,
Tue Jul 14 2015 00:00:00 GMT+0900 (JST),ガソリン代,2200,sample_user,
Tue Jul 14 2015 00:00:00 GMT+0900 (JST),その他項目,9700,sample_user,
Tue Jul 14 2015 00:00:00 GMT+0900 (JST),電気代,7300,sample_user,
Wed Jul 15 2015 00:00:00 GMT+0900 (JST),家賃,9500,sample_user,
Wed Jul 15 2015 00:00:00 GMT+0900 (JST),水道代,1200,sample_user,
Wed Jul 15 2015 00:00:00 GMT+0900 (JST),食費,6100,sample_user,
Wed Jul 15 2015 00:00:00 GMT+0900 (JST),日用品,1100,sample_user,
Thu Jul 16 2015 00:00:00 GMT+0900 (JST),日用品,6600,sample_user,
Thu Jul 16 2015 00:00:00 GMT+0900 (JST),家財道具,7700,sample_user,
Thu Jul 16 2015 00:00:00 GMT+0900 (JST),その他項目,4400,sample_user,
Thu Jul 16 2015 00:00:00 GMT+0900 (JST),ガス料金,6200,sample_user,
Fri Jul 17 2015 00:00:00 GMT+0900 (JST),家賃,4900,sample_user,
Fri Jul 17 2015 00:00:00 GMT+0900 (JST),日用品,7100,sample_user,
Fri Jul 17 2015 00:00:00 GMT+0900 (JST),その他項目,3600,sample_user,
Fri Jul 17 2015 00:00:00 GMT+0900 (JST),その他項目,7500,sample_user,
Fri Jul 17 2015 00:00:00 GMT+0900 (JST),ガソリン代,1200,sample_user,
Fri Jul 17 2015 00:00:00 GMT+0900 (JST),ガソリン代,9200,sample_user,
Fri Jul 17 2015 00:00:00 GMT+0900 (JST),家賃,3100,sample_user,
Sat Jul 18 2015 00:00:00 GMT+0900 (JST),ガス料金,8100,sample_user,
Sat Jul 18 2015 00:00:00 GMT+0900 (JST),家賃,8000,sample_user,
Sat Jul 18 2015 00:00:00 GMT+0900 (JST),食費,2500,sample_user,
Sat Jul 18 2015 00:00:00 GMT+0900 (JST),食費,4400,sample_user,
Sat Jul 18 2015 00:00:00 GMT+0900 (JST),食費,3400,sample_user,
Sun Jul 19 2015 00:00:00 GMT+0900 (JST),家財道具,4900,sample_user,
Sun Jul 19 2015 00:00:00 GMT+0900 (JST),水道代,2100,sample_user,
Sun Jul 19 2015 00:00:00 GMT+0900 (JST),その他項目,7200,sample_user,
Sun Jul 19 2015 00:00:00 GMT+0900 (JST),ガソリン代,6300,sample_user,
Sun Jul 19 2015 00:00:00 GMT+0900 (JST),食費,1700,sample_user,
Mon Jul 20 2015 00:00:00 GMT+0900 (JST),その他項目,9300,sample_user,
Tue Jul 21 2015 00:00:00 GMT+0900 (JST),水道代,2100,sample_user,
Tue Jul 21 2015 00:00:00 GMT+0900 (JST),電気代,4900,sample_user,
Wed Jul 22 2015 00:00:00 GMT+0900 (JST),ガソリン代,3900,sample_user,
Wed Jul 22 2015 00:00:00 GMT+0900 (JST),家賃,7300,sample_user,
Wed Jul 22 2015 00:00:00 GMT+0900 (JST),その他項目,1800,sample_user,
Wed Jul 22 2015 00:00:00 GMT+0900 (JST),家財道具,4000,sample_user,
Wed Jul 22 2015 00:00:00 GMT+0900 (JST),日用品,4200,sample_user,
Sat Jul 25 2015 00:00:00 GMT+0900 (JST),家財道具,2000,sample_user,
Sun Jul 26 2015 00:00:00 GMT+0900 (JST),食費,8400,sample_user,
Mon Jul 27 2015 00:00:00 GMT+0900 (JST),日用品,8600,sample_user,
Mon Jul 27 2015 00:00:00 GMT+0900 (JST),その他項目,5300,sample_user,
Mon Jul 27 2015 00:00:00 GMT+0900 (JST),水道代,1700,sample_user,
Mon Jul 27 2015 00:00:00 GMT+0900 (JST),ガス料金,7400,sample_user,
Tue Jul 28 2015 00:00:00 GMT+0900 (JST),日用品,4600,sample_user,
Tue Jul 28 2015 00:00:00 GMT+0900 (JST),家財道具,8200,sample_user,
Tue Jul 28 2015 00:00:00 GMT+0900 (JST),水道代,5100,sample_user,
Tue Jul 28 2015 00:00:00 GMT+0900 (JST),家賃,3000,sample_user,
Tue Jul 28 2015 00:00:00 GMT+0900 (JST),その他項目,6700,sample_user,
Thu Jul 30 2015 00:00:00 GMT+0900 (JST),その他項目,3300,sample_user,
Thu Jul 30 2015 00:00:00 GMT+0900 (JST),ガソリン代,1800,sample_user,
Thu Jul 30 2015 00:00:00 GMT+0900 (JST),食費,7100,sample_user,
Thu Jul 30 2015 00:00:00 GMT+0900 (JST),ガソリン代,1900,sample_user,
Sat Aug 01 2015 00:00:00 GMT+0900 (JST),食費,9700,sample_user,
Sat Aug 01 2015 00:00:00 GMT+0900 (JST),食費,2600,sample_user,
Sat Aug 01 2015 00:00:00 GMT+0900 (JST),水道代,5500,sample_user,
Sat Aug 01 2015 00:00:00 GMT+0900 (JST),ガス料金,6300,sample_user,
Sun Aug 02 2015 00:00:00 GMT+0900 (JST),食費,7000,sample_user,
Sun Aug 02 2015 00:00:00 GMT+0900 (JST),食費,3700,sample_user,
Sun Aug 02 2015 00:00:00 GMT+0900 (JST),ガソリン代,6900,sample_user,
Sun Aug 02 2015 00:00:00 GMT+0900 (JST),食費,1400,sample_user,
Sun Aug 02 2015 00:00:00 GMT+0900 (JST),ガス料金,4800,sample_user,
Sun Aug 02 2015 00:00:00 GMT+0900 (JST),その他項目,7500,sample_user,
Mon Aug 03 2015 00:00:00 GMT+0900 (JST),電気代,9300,sample_user,
Mon Aug 03 2015 00:00:00 GMT+0900 (JST),家賃,9900,sample_user,
Tue Aug 04 2015 00:00:00 GMT+0900 (JST),食費,8100,sample_user,
Tue Aug 04 2015 00:00:00 GMT+0900 (JST),水道代,5500,sample_user,
Tue Aug 04 2015 00:00:00 GMT+0900 (JST),食費,5300,sample_user,
Wed Aug 05 2015 00:00:00 GMT+0900 (JST),ガス料金,8200,sample_user,
Wed Aug 05 2015 00:00:00 GMT+0900 (JST),水道代,3200,sample_user,
Wed Aug 05 2015 00:00:00 GMT+0900 (JST),食費,5300,sample_user,
Thu Aug 06 2015 00:00:00 GMT+0900 (JST),ガス料金,7900,sample_user,
Thu Aug 06 2015 00:00:00 GMT+0900 (JST),家財道具,7500,sample_user,
Fri Aug 07 2015 00:00:00 GMT+0900 (JST),ガス料金,2200,sample_user,
Fri Aug 07 2015 00:00:00 GMT+0900 (JST),水道代,5100,sample_user,
Sat Aug 08 2015 00:00:00 GMT+0900 (JST),ガス料金,9200,sample_user,
Sat Aug 08 2015 00:00:00 GMT+0900 (JST),家賃,4600,sample_user,
Sat Aug 08 2015 00:00:00 GMT+0900 (JST),ガソリン代,4400,sample_user,
Sat Aug 08 2015 00:00:00 GMT+0900 (JST),家財道具,4200,sample_user,
Sat Aug 08 2015 00:00:00 GMT+0900 (JST),家財道具,3200,sample_user,
Sun Aug 09 2015 00:00:00 GMT+0900 (JST),水道代,5000,sample_user,
Sun Aug 09 2015 00:00:00 GMT+0900 (JST),家財道具,2000,sample_user,
Mon Aug 10 2015 00:00:00 GMT+0900 (JST),その他項目,2100,sample_user,
Mon Aug 10 2015 00:00:00 GMT+0900 (JST),ガス料金,8400,sample_user,
Tue Aug 11 2015 00:00:00 GMT+0900 (JST),食費,3900,sample_user,
Tue Aug 11 2015 00:00:00 GMT+0900 (JST),食費,4100,sample_user,
Tue Aug 11 2015 00:00:00 GMT+0900 (JST),食費,3600,sample_user,
Wed Aug 12 2015 00:00:00 GMT+0900 (JST),家賃,5300,sample_user,
Wed Aug 12 2015 00:00:00 GMT+0900 (JST),家財道具,3400,sample_user,
Thu Aug 13 2015 00:00:00 GMT+0900 (JST),電気代,5000,sample_user,
Thu Aug 13 2015 00:00:00 GMT+0900 (JST),その他項目,3100,sample_user,
Thu Aug 13 2015 00:00:00 GMT+0900 (JST),食費,2400,sample_user,
Thu Aug 13 2015 00:00:00 GMT+0900 (JST),その他項目,7900,sample_user,
Fri Aug 14 2015 00:00:00 GMT+0900 (JST),その他項目,5500,sample_user,
Fri Aug 14 2015 00:00:00 GMT+0900 (JST),その他項目,7900,sample_user,
Fri Aug 14 2015 00:00:00 GMT+0900 (JST),その他項目,6700,sample_user,
Sat Aug 15 2015 00:00:00 GMT+0900 (JST),食費,8600,sample_user,
Sat Aug 15 2015 00:00:00 GMT+0900 (JST),その他項目,6000,sample_user,
Sat Aug 15 2015 00:00:00 GMT+0900 (JST),その他項目,3600,sample_user,
Sun Aug 16 2015 00:00:00 GMT+0900 (JST),家財道具,7500,sample_user,
Mon Aug 17 2015 00:00:00 GMT+0900 (JST),食費,1000,sample_user,
Mon Aug 17 2015 00:00:00 GMT+0900 (JST),食費,2400,sample_user,
Mon Aug 17 2015 00:00:00 GMT+0900 (JST),ガス料金,3400,sample_user,
Mon Aug 17 2015 00:00:00 GMT+0900 (JST),食費,9800,sample_user,
Mon Aug 17 2015 00:00:00 GMT+0900 (JST),日用品,4600,sample_user,
Tue Aug 18 2015 00:00:00 GMT+0900 (JST),日用品,4200,sample_user,
Tue Aug 18 2015 00:00:00 GMT+0900 (JST),家財道具,5300,sample_user,
Wed Aug 19 2015 00:00:00 GMT+0900 (JST),電気代,2500,sample_user,
Wed Aug 19 2015 00:00:00 GMT+0900 (JST),ガス料金,4300,sample_user,
Wed Aug 19 2015 00:00:00 GMT+0900 (JST),日用品,6900,sample_user,
Wed Aug 19 2015 00:00:00 GMT+0900 (JST),家賃,5400,sample_user,
Wed Aug 19 2015 00:00:00 GMT+0900 (JST),その他項目,4700,sample_user,
Wed Aug 19 2015 00:00:00 GMT+0900 (JST),家賃,3700,sample_user,
Thu Aug 20 2015 00:00:00 GMT+0900 (JST),電気代,5800,sample_user,
Thu Aug 20 2015 00:00:00 GMT+0900 (JST),日用品,8300,sample_user,
Thu Aug 20 2015 00:00:00 GMT+0900 (JST),家賃,3300,sample_user,
Thu Aug 20 2015 00:00:00 GMT+0900 (JST),水道代,5200,sample_user,
Fri Aug 21 2015 00:00:00 GMT+0900 (JST),日用品,8100,sample_user,
Fri Aug 21 2015 00:00:00 GMT+0900 (JST),日用品,7700,sample_user,
Fri Aug 21 2015 00:00:00 GMT+0900 (JST),その他項目,2700,sample_user,
Fri Aug 21 2015 00:00:00 GMT+0900 (JST),電気代,5400,sample_user,
Sat Aug 22 2015 00:00:00 GMT+0900 (JST),その他項目,7600,sample_user,
Sat Aug 22 2015 00:00:00 GMT+0900 (JST),家賃,1600,sample_user,
Sat Aug 22 2015 00:00:00 GMT+0900 (JST),電気代,6100,sample_user,
Sun Aug 23 2015 00:00:00 GMT+0900 (JST),家賃,1800,sample_user,
Sun Aug 23 2015 00:00:00 GMT+0900 (JST),日用品,7000,sample_user,
Sun Aug 23 2015 00:00:00 GMT+0900 (JST),日用品,5100,sample_user,
Sun Aug 23 2015 00:00:00 GMT+0900 (JST),ガソリン代,8300,sample_user,
Mon Aug 24 2015 00:00:00 GMT+0900 (JST),食費,3200,sample_user,
Mon Aug 24 2015 00:00:00 GMT+0900 (JST),ガソリン代,1900,sample_user,
Mon Aug 24 2015 00:00:00 GMT+0900 (JST),その他項目,1500,sample_user,
Tue Aug 25 2015 00:00:00 GMT+0900 (JST),食費,1100,sample_user,
Tue Aug 25 2015 00:00:00 GMT+0900 (JST),家賃,9100,sample_user,
Tue Aug 25 2015 00:00:00 GMT+0900 (JST),ガソリン代,8700,sample_user,
Tue Aug 25 2015 00:00:00 GMT+0900 (JST),家財道具,6800,sample_user,
Wed Aug 26 2015 00:00:00 GMT+0900 (JST),電気代,1700,sample_user,
Wed Aug 26 2015 00:00:00 GMT+0900 (JST),ガソリン代,1800,sample_user,
Wed Aug 26 2015 00:00:00 GMT+0900 (JST),水道代,4100,sample_user,
Wed Aug 26 2015 00:00:00 GMT+0900 (JST),家賃,5300,sample_user,
Thu Aug 27 2015 00:00:00 GMT+0900 (JST),家財道具,1900,sample_user,
Thu Aug 27 2015 00:00:00 GMT+0900 (JST),家賃,5300,sample_user,
Thu Aug 27 2015 00:00:00 GMT+0900 (JST),食費,2900,sample_user,
Thu Aug 27 2015 00:00:00 GMT+0900 (JST),電気代,3700,sample_user,
Thu Aug 27 2015 00:00:00 GMT+0900 (JST),その他項目,8000,sample_user,
Fri Aug 28 2015 00:00:00 GMT+0900 (JST),食費,5600,sample_user,
Fri Aug 28 2015 00:00:00 GMT+0900 (JST),家財道具,9800,sample_user,
Fri Aug 28 2015 00:00:00 GMT+0900 (JST),日用品,3100,sample_user,
Fri Aug 28 2015 00:00:00 GMT+0900 (JST),日用品,2300,sample_user,
Fri Aug 28 2015 00:00:00 GMT+0900 (JST),水道代,5400,sample_user,
Fri Aug 28 2015 00:00:00 GMT+0900 (JST),家財道具,2200,sample_user,
Sat Aug 29 2015 00:00:00 GMT+0900 (JST),電気代,4500,sample_user,
Sat Aug 29 2015 00:00:00 GMT+0900 (JST),ガソリン代,3400,sample_user,
Sat Aug 29 2015 00:00:00 GMT+0900 (JST),電気代,1300,sample_user,
Sat Aug 29 2015 00:00:00 GMT+0900 (JST),電気代,5100,sample_user,
Sat Aug 29 2015 00:00:00 GMT+0900 (JST),ガス料金,1300,sample_user,
Sun Aug 30 2015 00:00:00 GMT+0900 (JST),日用品,9700,sample_user,
Sun Aug 30 2015 00:00:00 GMT+0900 (JST),食費,8000,sample_user,
Sun Aug 30 2015 00:00:00 GMT+0900 (JST),水道代,2300,sample_user,
Sun Aug 30 2015 00:00:00 GMT+0900 (JST),水道代,7600,sample_user,
Sun Aug 30 2015 00:00:00 GMT+0900 (JST),日用品,8200,sample_user,
Sun Aug 30 2015 00:00:00 GMT+0900 (JST),電気代,6600,sample_user,
Mon Aug 31 2015 00:00:00 GMT+0900 (JST),ガソリン代,1300,sample_user,
Mon Aug 31 2015 00:00:00 GMT+0900 (JST),ガス料金,4800,sample_user,
Tue Sep 01 2015 00:00:00 GMT+0900 (JST),その他項目,3800,sample_user,
Tue Sep 01 2015 00:00:00 GMT+0900 (JST),日用品,4800,sample_user,
Wed Sep 02 2015 00:00:00 GMT+0900 (JST),水道代,1100,sample_user,
Wed Sep 02 2015 00:00:00 GMT+0900 (JST),家賃,8000,sample_user,
Wed Sep 02 2015 00:00:00 GMT+0900 (JST),家財道具,5900,sample_user,
Wed Sep 02 2015 00:00:00 GMT+0900 (JST),日用品,7500,sample_user,
Thu Sep 03 2015 00:00:00 GMT+0900 (JST),ガス料金,9500,sample_user,
Thu Sep 03 2015 00:00:00 GMT+0900 (JST),家賃,6300,sample_user,
Fri Sep 04 2015 00:00:00 GMT+0900 (JST),家財道具,1000,sample_user,
Sat Sep 05 2015 00:00:00 GMT+0900 (JST),ガソリン代,3300,sample_user,
Sat Sep 05 2015 00:00:00 GMT+0900 (JST),電気代,5600,sample_user,
Sun Sep 06 2015 00:00:00 GMT+0900 (JST),日用品,4000,sample_user,
Sun Sep 06 2015 00:00:00 GMT+0900 (JST),ガソリン代,6100,sample_user,
Sun Sep 06 2015 00:00:00 GMT+0900 (JST),水道代,4000,sample_user,
Sun Sep 06 2015 00:00:00 GMT+0900 (JST),食費,6200,sample_user,
Mon Sep 07 2015 00:00:00 GMT+0900 (JST),水道代,7500,sample_user,
Mon Sep 07 2015 00:00:00 GMT+0900 (JST),電気代,2700,sample_user,
Mon Sep 07 2015 00:00:00 GMT+0900 (JST),家賃,4900,sample_user,
Mon Sep 07 2015 00:00:00 GMT+0900 (JST),ガソリン代,1200,sample_user,
Mon Sep 07 2015 00:00:00 GMT+0900 (JST),ガス料金,5400,sample_user,
Tue Sep 08 2015 00:00:00 GMT+0900 (JST),水道代,3000,sample_user,
Tue Sep 08 2015 00:00:00 GMT+0900 (JST),水道代,7800,sample_user,
Tue Sep 08 2015 00:00:00 GMT+0900 (JST),水道代,2300,sample_user,
Tue Sep 08 2015 00:00:00 GMT+0900 (JST),家財道具,4500,sample_user,
Wed Sep 09 2015 00:00:00 GMT+0900 (JST),日用品,8600,sample_user,
Wed Sep 09 2015 00:00:00 GMT+0900 (JST),食費,5000,sample_user,
Wed Sep 09 2015 00:00:00 GMT+0900 (JST),ガス料金,2800,sample_user,
Thu Sep 10 2015 00:00:00 GMT+0900 (JST),水道代,4800,sample_user,
Thu Sep 10 2015 00:00:00 GMT+0900 (JST),日用品,1400,sample_user,
Thu Sep 10 2015 00:00:00 GMT+0900 (JST),家財道具,8500,sample_user,
Thu Sep 10 2015 00:00:00 GMT+0900 (JST),その他項目,8800,sample_user,
Fri Sep 11 2015 00:00:00 GMT+0900 (JST),家賃,4500,sample_user,
Sat Sep 12 2015 00:00:00 GMT+0900 (JST),食費,6600,sample_user,
Sun Sep 13 2015 00:00:00 GMT+0900 (JST),水道代,6200,sample_user,
Sun Sep 13 2015 00:00:00 GMT+0900 (JST),その他項目,6200,sample_user,
Sun Sep 13 2015 00:00:00 GMT+0900 (JST),ガス料金,9100,sample_user,
Mon Sep 14 2015 00:00:00 GMT+0900 (JST),ガス料金,1000,sample_user,
Mon Sep 14 2015 00:00:00 GMT+0900 (JST),家賃,9200,sample_user,
Mon Sep 14 2015 00:00:00 GMT+0900 (JST),日用品,9600,sample_user,
Mon Sep 14 2015 00:00:00 GMT+0900 (JST),家賃,3900,sample_user,
Tue Sep 15 2015 00:00:00 GMT+0900 (JST),その他項目,6900,sample_user,
Wed Sep 16 2015 00:00:00 GMT+0900 (JST),家財道具,9600,sample_user,
Wed Sep 16 2015 00:00:00 GMT+0900 (JST),水道代,1200,sample_user,
Wed Sep 16 2015 00:00:00 GMT+0900 (JST),食費,1200,sample_user,
Thu Sep 17 2015 00:00:00 GMT+0900 (JST),水道代,8400,sample_user,
Thu Sep 17 2015 00:00:00 GMT+0900 (JST),家賃,2600,sample_user,
Thu Sep 17 2015 00:00:00 GMT+0900 (JST),食費,6900,sample_user,
Fri Sep 18 2015 00:00:00 GMT+0900 (JST),電気代,2400,sample_user,
Fri Sep 18 2015 00:00:00 GMT+0900 (JST),その他項目,8200,sample_user,
Sat Sep 19 2015 00:00:00 GMT+0900 (JST),食費,9200,sample_user,
Sat Sep 19 2015 00:00:00 GMT+0900 (JST),ガス料金,1300,sample_user,
Sat Sep 19 2015 00:00:00 GMT+0900 (JST),日用品,4900,sample_user,
Sat Sep 19 2015 00:00:00 GMT+0900 (JST),食費,5400,sample_user,
Sun Sep 20 2015 00:00:00 GMT+0900 (JST),ガソリン代,3300,sample_user,
Sun Sep 20 2015 00:00:00 GMT+0900 (JST),ガス料金,5000,sample_user,
Mon Sep 21 2015 00:00:00 GMT+0900 (JST),その他項目,2900,sample_user,
Mon Sep 21 2015 00:00:00 GMT+0900 (JST),水道代,1900,sample_user,
Mon Sep 21 2015 00:00:00 GMT+0900 (JST),家賃,9700,sample_user,
Mon Sep 21 2015 00:00:00 GMT+0900 (JST),家賃,8500,sample_user,
Tue Sep 22 2015 00:00:00 GMT+0900 (JST),水道代,5000,sample_user,
Tue Sep 22 2015 00:00:00 GMT+0900 (JST),その他項目,1400,sample_user,
Wed Sep 23 2015 00:00:00 GMT+0900 (JST),ガソリン代,3000,sample_user,
Wed Sep 23 2015 00:00:00 GMT+0900 (JST),日用品,8400,sample_user,
Mon Sep 28 2015 00:00:00 GMT+0900 (JST),ガソリン代,9800,sample_user,
Mon Sep 28 2015 00:00:00 GMT+0900 (JST),ガソリン代,4900,sample_user,
Mon Sep 28 2015 00:00:00 GMT+0900 (JST),その他項目,1700,sample_user,
Mon Sep 28 2015 00:00:00 GMT+0900 (JST),ガス料金,9500,sample_user,
Tue Sep 29 2015 00:00:00 GMT+0900 (JST),電気代,5700,sample_user,
Tue Sep 29 2015 00:00:00 GMT+0900 (JST),家賃,1200,sample_user,
Tue Sep 29 2015 00:00:00 GMT+0900 (JST),ガス料金,4500,sample_user,
Wed Sep 30 2015 00:00:00 GMT+0900 (JST),家賃,7800,sample_user,
Wed Sep 30 2015 00:00:00 GMT+0900 (JST),家財道具,1600,sample_user,
Wed Sep 30 2015 00:00:00 GMT+0900 (JST),ガス料金,1900,sample_user,
Thu Oct 01 2015 00:00:00 GMT+0900 (JST),電気代,3000,sample_user,
Fri Oct 02 2015 00:00:00 GMT+0900 (JST),水道代,5100,sample_user,
Fri Oct 02 2015 00:00:00 GMT+0900 (JST),日用品,1500,sample_user,
Fri Oct 02 2015 00:00:00 GMT+0900 (JST),その他項目,8100,sample_user,
Sat Oct 03 2015 00:00:00 GMT+0900 (JST),ガソリン代,6700,sample_user,
Sat Oct 03 2015 00:00:00 GMT+0900 (JST),電気代,4000,sample_user,
Sat Oct 03 2015 00:00:00 GMT+0900 (JST),家財道具,5500,sample_user,
Sat Oct 03 2015 00:00:00 GMT+0900 (JST),日用品,2600,sample_user,
Sat Oct 03 2015 00:00:00 GMT+0900 (JST),日用品,7900,sample_user,
Sun Oct 04 2015 00:00:00 GMT+0900 (JST),ガス料金,2300,sample_user,
Sun Oct 04 2015 00:00:00 GMT+0900 (JST),その他項目,1300,sample_user,
Sun Oct 04 2015 00:00:00 GMT+0900 (JST),家財道具,9300,sample_user,
Mon Oct 05 2015 00:00:00 GMT+0900 (JST),家賃,2200,sample_user,
Mon Oct 05 2015 00:00:00 GMT+0900 (JST),家賃,2500,sample_user,
Mon Oct 05 2015 00:00:00 GMT+0900 (JST),家財道具,1800,sample_user,
Mon Oct 05 2015 00:00:00 GMT+0900 (JST),家賃,10000,sample_user,
Tue Oct 06 2015 00:00:00 GMT+0900 (JST),電気代,7800,sample_user,
Wed Oct 07 2015 00:00:00 GMT+0900 (JST),水道代,2400,sample_user,
Wed Oct 07 2015 00:00:00 GMT+0900 (JST),ガス料金,2100,sample_user,
Wed Oct 07 2015 00:00:00 GMT+0900 (JST),家賃,7500,sample_user,
Wed Oct 07 2015 00:00:00 GMT+0900 (JST),ガソリン代,7000,sample_user,
Thu Oct 08 2015 00:00:00 GMT+0900 (JST),ガス料金,2400,sample_user,
Fri Oct 09 2015 00:00:00 GMT+0900 (JST),水道代,8700,sample_user,
Fri Oct 09 2015 00:00:00 GMT+0900 (JST),ガソリン代,7400,sample_user,
Fri Oct 09 2015 00:00:00 GMT+0900 (JST),食費,3800,sample_user,
Fri Oct 09 2015 00:00:00 GMT+0900 (JST),ガス料金,8700,sample_user,
Sat Oct 10 2015 00:00:00 GMT+0900 (JST),家賃,7000,sample_user,
Sat Oct 10 2015 00:00:00 GMT+0900 (JST),ガス料金,5600,sample_user,
Sat Oct 10 2015 00:00:00 GMT+0900 (JST),電気代,1400,sample_user,
Sun Oct 11 2015 00:00:00 GMT+0900 (JST),ガソリン代,7100,sample_user,
Sun Oct 11 2015 00:00:00 GMT+0900 (JST),家賃,1500,sample_user,
Sun Oct 11 2015 00:00:00 GMT+0900 (JST),家賃,7200,sample_user,
Mon Oct 12 2015 00:00:00 GMT+0900 (JST),水道代,2500,sample_user,
Mon Oct 12 2015 00:00:00 GMT+0900 (JST),食費,9200,sample_user,
Tue Oct 13 2015 00:00:00 GMT+0900 (JST),水道代,7900,sample_user,
Wed Oct 14 2015 00:00:00 GMT+0900 (JST),ガソリン代,6100,sample_user,
Wed Oct 14 2015 00:00:00 GMT+0900 (JST),家賃,4200,sample_user,
Wed Oct 14 2015 00:00:00 GMT+0900 (JST),家財道具,9900,sample_user,
Thu Oct 15 2015 00:00:00 GMT+0900 (JST),家財道具,6100,sample_user,
Thu Oct 15 2015 00:00:00 GMT+0900 (JST),家賃,1200,sample_user,
Thu Oct 15 2015 00:00:00 GMT+0900 (JST),水道代,8500,sample_user,
Thu Oct 15 2015 00:00:00 GMT+0900 (JST),日用品,7600,sample_user,
Thu Oct 15 2015 00:00:00 GMT+0900 (JST),家賃,7000,sample_user,
Fri Oct 16 2015 00:00:00 GMT+0900 (JST),家財道具,9500,sample_user,
Fri Oct 16 2015 00:00:00 GMT+0900 (JST),家賃,6500,sample_user,
Fri Oct 16 2015 00:00:00 GMT+0900 (JST),ガソリン代,2700,sample_user,
Fri Oct 16 2015 00:00:00 GMT+0900 (JST),その他項目,5600,sample_user,
Sat Oct 17 2015 00:00:00 GMT+0900 (JST),ガソリン代,3800,sample_user,
Sat Oct 17 2015 00:00:00 GMT+0900 (JST),ガソリン代,2400,sample_user,
Sat Oct 17 2015 00:00:00 GMT+0900 (JST),日用品,9500,sample_user,
Sat Oct 17 2015 00:00:00 GMT+0900 (JST),電気代,8800,sample_user,
Sat Oct 17 2015 00:00:00 GMT+0900 (JST),ガソリン代,1100,sample_user,
Sat Oct 17 2015 00:00:00 GMT+0900 (JST),食費,2400,sample_user,
Sun Oct 18 2015 00:00:00 GMT+0900 (JST),日用品,6000,sample_user,
Sun Oct 18 2015 00:00:00 GMT+0900 (JST),家賃,9100,sample_user,
Sun Oct 18 2015 00:00:00 GMT+0900 (JST),ガソリン代,8400,sample_user,
Sun Oct 18 2015 00:00:00 GMT+0900 (JST),ガス料金,8500,sample_user,
Sun Oct 18 2015 00:00:00 GMT+0900 (JST),家賃,2900,sample_user,
Sun Oct 18 2015 00:00:00 GMT+0900 (JST),水道代,9500,sample_user,
Sun Oct 18 2015 00:00:00 GMT+0900 (JST),食費,5100,sample_user,
Mon Oct 19 2015 00:00:00 GMT+0900 (JST),ガソリン代,1100,sample_user,
Mon Oct 19 2015 00:00:00 GMT+0900 (JST),水道代,4100,sample_user,
Tue Oct 20 2015 00:00:00 GMT+0900 (JST),その他項目,1100,sample_user,
Tue Oct 20 2015 00:00:00 GMT+0900 (JST),家財道具,2300,sample_user,
Tue Oct 20 2015 00:00:00 GMT+0900 (JST),家財道具,8500,sample_user,
Wed Oct 21 2015 00:00:00 GMT+0900 (JST),ガソリン代,2100,sample_user,
Wed Oct 21 2015 00:00:00 GMT+0900 (JST),家賃,5000,sample_user,
Wed Oct 21 2015 00:00:00 GMT+0900 (JST),家賃,3100,sample_user,
Wed Oct 21 2015 00:00:00 GMT+0900 (JST),ガス料金,8900,sample_user,
Thu Oct 22 2015 00:00:00 GMT+0900 (JST),食費,5200,sample_user,
Thu Oct 22 2015 00:00:00 GMT+0900 (JST),食費,4300,sample_user,
Thu Oct 22 2015 00:00:00 GMT+0900 (JST),ガソリン代,9800,sample_user,
Thu Oct 22 2015 00:00:00 GMT+0900 (JST),食費,2100,sample_user,
Thu Oct 22 2015 00:00:00 GMT+0900 (JST),食費,3800,sample_user,
Fri Oct 23 2015 00:00:00 GMT+0900 (JST),家賃,3100,sample_user,
Sat Oct 24 2015 00:00:00 GMT+0900 (JST),その他項目,8900,sample_user,
Sat Oct 24 2015 00:00:00 GMT+0900 (JST),家賃,4100,sample_user,
Sat Oct 24 2015 00:00:00 GMT+0900 (JST),食費,9800,sample_user,
Sun Oct 25 2015 00:00:00 GMT+0900 (JST),家財道具,2400,sample_user,
Sun Oct 25 2015 00:00:00 GMT+0900 (JST),家賃,5300,sample_user,
Mon Oct 26 2015 00:00:00 GMT+0900 (JST),日用品,5600,sample_user,
Mon Oct 26 2015 00:00:00 GMT+0900 (JST),ガス料金,2600,sample_user,
Wed Oct 28 2015 00:00:00 GMT+0900 (JST),ガソリン代,8900,sample_user,
Wed Oct 28 2015 00:00:00 GMT+0900 (JST),ガス料金,8100,sample_user,
Wed Oct 28 2015 00:00:00 GMT+0900 (JST),ガソリン代,6200,sample_user,
Wed Oct 28 2015 00:00:00 GMT+0900 (JST),家賃,6600,sample_user,
Wed Oct 28 2015 00:00:00 GMT+0900 (JST),ガス料金,4700,sample_user,
Mon Nov 02 2015 00:00:00 GMT+0900 (JST),家財道具,9400,sample_user,
Mon Nov 02 2015 00:00:00 GMT+0900 (JST),食費,7600,sample_user,
Mon Nov 02 2015 00:00:00 GMT+0900 (JST),水道代,7800,sample_user,
Mon Nov 02 2015 00:00:00 GMT+0900 (JST),その他項目,7200,sample_user,
Mon Nov 02 2015 00:00:00 GMT+0900 (JST),家賃,7200,sample_user,
Mon Nov 02 2015 00:00:00 GMT+0900 (JST),ガス料金,4000,sample_user,
Mon Nov 02 2015 00:00:00 GMT+0900 (JST),ガソリン代,3400,sample_user,
Tue Nov 03 2015 00:00:00 GMT+0900 (JST),ガス料金,6000,sample_user,
Wed Nov 04 2015 00:00:00 GMT+0900 (JST),家賃,9300,sample_user,
Wed Nov 04 2015 00:00:00 GMT+0900 (JST),ガソリン代,9700,sample_user,
Wed Nov 04 2015 00:00:00 GMT+0900 (JST),電気代,7000,sample_user,
Wed Nov 04 2015 00:00:00 GMT+0900 (JST),ガソリン代,8200,sample_user,
Wed Nov 04 2015 00:00:00 GMT+0900 (JST),電気代,6700,sample_user,
Thu Nov 05 2015 00:00:00 GMT+0900 (JST),電気代,4800,sample_user,
Thu Nov 05 2015 00:00:00 GMT+0900 (JST),家賃,1400,sample_user,
Thu Nov 05 2015 00:00:00 GMT+0900 (JST),家賃,2600,sample_user,
Thu Nov 05 2015 00:00:00 GMT+0900 (JST),ガス料金,6000,sample_user,
Thu Nov 05 2015 00:00:00 GMT+0900 (JST),日用品,4600,sample_user,
Thu Nov 05 2015 00:00:00 GMT+0900 (JST),食費,5600,sample_user,
Fri Nov 06 2015 00:00:00 GMT+0900 (JST),ガス料金,2700,sample_user,
Sat Nov 07 2015 00:00:00 GMT+0900 (JST),食費,3000,sample_user,
Sat Nov 07 2015 00:00:00 GMT+0900 (JST),家賃,2800,sample_user,
Sat Nov 07 2015 00:00:00 GMT+0900 (JST),ガソリン代,9300,sample_user,
Sat Nov 07 2015 00:00:00 GMT+0900 (JST),電気代,4500,sample_user,
Sat Nov 07 2015 00:00:00 GMT+0900 (JST),家財道具,3500,sample_user,
Sun Nov 08 2015 00:00:00 GMT+0900 (JST),ガス料金,1400,sample_user,
Sun Nov 08 2015 00:00:00 GMT+0900 (JST),ガス料金,2800,sample_user,
Mon Nov 09 2015 00:00:00 GMT+0900 (JST),ガソリン代,3500,sample_user,
Tue Nov 10 2015 00:00:00 GMT+0900 (JST),ガソリン代,3600,sample_user,
Tue Nov 10 2015 00:00:00 GMT+0900 (JST),ガス料金,5700,sample_user,
Tue Nov 10 2015 00:00:00 GMT+0900 (JST),日用品,2600,sample_user,
Wed Nov 11 2015 00:00:00 GMT+0900 (JST),電気代,1300,sample_user,
Wed Nov 11 2015 00:00:00 GMT+0900 (JST),家賃,4900,sample_user,
Wed Nov 11 2015 00:00:00 GMT+0900 (JST),家財道具,9400,sample_user,
Wed Nov 11 2015 00:00:00 GMT+0900 (JST),食費,1300,sample_user,
Thu Nov 12 2015 00:00:00 GMT+0900 (JST),ガス料金,7500,sample_user,
Thu Nov 12 2015 00:00:00 GMT+0900 (JST),ガス料金,3300,sample_user,
Thu Nov 12 2015 00:00:00 GMT+0900 (JST),日用品,9900,sample_user,
Thu Nov 12 2015 00:00:00 GMT+0900 (JST),その他項目,8800,sample_user,
Fri Nov 13 2015 00:00:00 GMT+0900 (JST),電気代,5700,sample_user,
Sat Nov 14 2015 00:00:00 GMT+0900 (JST),ガス料金,8200,sample_user,
Sat Nov 14 2015 00:00:00 GMT+0900 (JST),家財道具,7000,sample_user,
Sat Nov 14 2015 00:00:00 GMT+0900 (JST),日用品,1900,sample_user,
Sat Nov 14 2015 00:00:00 GMT+0900 (JST),家賃,4000,sample_user,
Sat Nov 14 2015 00:00:00 GMT+0900 (JST),ガソリン代,5300,sample_user,
Sun Nov 15 2015 00:00:00 GMT+0900 (JST),その他項目,8700,sample_user,
Sun Nov 15 2015 00:00:00 GMT+0900 (JST),ガス料金,6100,sample_user,
Sun Nov 15 2015 00:00:00 GMT+0900 (JST),家財道具,7300,sample_user,
Sun Nov 15 2015 00:00:00 GMT+0900 (JST),ガス料金,6900,sample_user,
Sun Nov 15 2015 00:00:00 GMT+0900 (JST),水道代,9200,sample_user,
Mon Nov 16 2015 00:00:00 GMT+0900 (JST),日用品,8400,sample_user,
Mon Nov 16 2015 00:00:00 GMT+0900 (JST),水道代,7400,sample_user,
Tue Nov 17 2015 00:00:00 GMT+0900 (JST),その他項目,2000,sample_user,
Tue Nov 17 2015 00:00:00 GMT+0900 (JST),家財道具,3800,sample_user,
Tue Nov 17 2015 00:00:00 GMT+0900 (JST),家財道具,6500,sample_user,
Tue Nov 17 2015 00:00:00 GMT+0900 (JST),ガス料金,7700,sample_user,
Tue Nov 17 2015 00:00:00 GMT+0900 (JST),家財道具,9000,sample_user,
Wed Nov 18 2015 00:00:00 GMT+0900 (JST),ガソリン代,3900,sample_user,
Wed Nov 18 2015 00:00:00 GMT+0900 (JST),電気代,3000,sample_user,
Thu Nov 19 2015 00:00:00 GMT+0900 (JST),電気代,5800,sample_user,
Thu Nov 19 2015 00:00:00 GMT+0900 (JST),ガソリン代,6800,sample_user,
Thu Nov 19 2015 00:00:00 GMT+0900 (JST),電気代,5300,sample_user,
Fri Nov 20 2015 00:00:00 GMT+0900 (JST),食費,7400,sample_user,
Fri Nov 20 2015 00:00:00 GMT+0900 (JST),ガソリン代,6900,sample_user,
Sat Nov 21 2015 00:00:00 GMT+0900 (JST),日用品,3300,sample_user,
Sun Nov 22 2015 00:00:00 GMT+0900 (JST),電気代,2000,sample_user,
Sun Nov 22 2015 00:00:00 GMT+0900 (JST),水道代,4400,sample_user,
Sun Nov 22 2015 00:00:00 GMT+0900 (JST),その他項目,4000,sample_user,
Sun Nov 22 2015 00:00:00 GMT+0900 (JST),食費,5300,sample_user,
Mon Nov 23 2015 00:00:00 GMT+0900 (JST),電気代,6600,sample_user,
Mon Nov 23 2015 00:00:00 GMT+0900 (JST),ガス料金,2600,sample_user,
Tue Nov 24 2015 00:00:00 GMT+0900 (JST),ガソリン代,4800,sample_user,
Tue Nov 24 2015 00:00:00 GMT+0900 (JST),家賃,9600,sample_user,
Wed Nov 25 2015 00:00:00 GMT+0900 (JST),ガス料金,6100,sample_user,
Wed Nov 25 2015 00:00:00 GMT+0900 (JST),電気代,5300,sample_user,
Wed Nov 25 2015 00:00:00 GMT+0900 (JST),家賃,7100,sample_user,
Wed Nov 25 2015 00:00:00 GMT+0900 (JST),ガソリン代,1500,sample_user,
Thu Nov 26 2015 00:00:00 GMT+0900 (JST),日用品,6200,sample_user,
Thu Nov 26 2015 00:00:00 GMT+0900 (JST),家賃,6700,sample_user,
Thu Nov 26 2015 00:00:00 GMT+0900 (JST),日用品,3500,sample_user,
Fri Nov 27 2015 00:00:00 GMT+0900 (JST),その他項目,5500,sample_user,
Fri Nov 27 2015 00:00:00 GMT+0900 (JST),家財道具,5600,sample_user,
Sat Nov 28 2015 00:00:00 GMT+0900 (JST),ガソリン代,5700,sample_user,
Sun Nov 29 2015 00:00:00 GMT+0900 (JST),その他項目,7800,sample_user,
Sun Nov 29 2015 00:00:00 GMT+0900 (JST),日用品,7500,sample_user,
Sun Nov 29 2015 00:00:00 GMT+0900 (JST),その他項目,7600,sample_user,
Sun Nov 29 2015 00:00:00 GMT+0900 (JST),その他項目,2100,sample_user,
Mon Nov 30 2015 00:00:00 GMT+0900 (JST),その他項目,6800,sample_user,
Mon Nov 30 2015 00:00:00 GMT+0900 (JST),日用品,9000,sample_user,
Tue Dec 01 2015 00:00:00 GMT+0900 (JST),家賃,5200,sample_user,
Tue Dec 01 2015 00:00:00 GMT+0900 (JST),食費,9100,sample_user,
Wed Dec 02 2015 00:00:00 GMT+0900 (JST),その他項目,2900,sample_user,
Wed Dec 02 2015 00:00:00 GMT+0900 (JST),ガス料金,4300,sample_user,
Wed Dec 02 2015 00:00:00 GMT+0900 (JST),ガソリン代,4500,sample_user,
Wed Dec 02 2015 00:00:00 GMT+0900 (JST),日用品,8200,sample_user,
Thu Dec 03 2015 00:00:00 GMT+0900 (JST),水道代,4400,sample_user,
Thu Dec 03 2015 00:00:00 GMT+0900 (JST),食費,4300,sample_user,
Fri Dec 04 2015 00:00:00 GMT+0900 (JST),家賃,7900,sample_user,
Sat Dec 05 2015 00:00:00 GMT+0900 (JST),電気代,1500,sample_user,
Sat Dec 05 2015 00:00:00 GMT+0900 (JST),ガソリン代,1500,sample_user,
Sat Dec 05 2015 00:00:00 GMT+0900 (JST),ガス料金,2600,sample_user,
Sat Dec 05 2015 00:00:00 GMT+0900 (JST),食費,3700,sample_user,
Sun Dec 06 2015 00:00:00 GMT+0900 (JST),食費,8800,sample_user,
Sun Dec 06 2015 00:00:00 GMT+0900 (JST),家財道具,3100,sample_user,
Mon Dec 07 2015 00:00:00 GMT+0900 (JST),食費,4600,sample_user,
Mon Dec 07 2015 00:00:00 GMT+0900 (JST),電気代,1500,sample_user,
Mon Dec 07 2015 00:00:00 GMT+0900 (JST),水道代,6300,sample_user,
Mon Dec 07 2015 00:00:00 GMT+0900 (JST),電気代,9700,sample_user,
Tue Dec 08 2015 00:00:00 GMT+0900 (JST),食費,2200,sample_user,
Tue Dec 08 2015 00:00:00 GMT+0900 (JST),家財道具,5000,sample_user,
Tue Dec 08 2015 00:00:00 GMT+0900 (JST),家賃,9700,sample_user,
Tue Dec 08 2015 00:00:00 GMT+0900 (JST),水道代,4000,sample_user,
Wed Dec 09 2015 00:00:00 GMT+0900 (JST),家賃,9100,sample_user,
Wed Dec 09 2015 00:00:00 GMT+0900 (JST),家財道具,1200,sample_user,
Wed Dec 09 2015 00:00:00 GMT+0900 (JST),水道代,1000,sample_user,
Wed Dec 09 2015 00:00:00 GMT+0900 (JST),その他項目,5600,sample_user,
Wed Dec 09 2015 00:00:00 GMT+0900 (JST),電気代,9500,sample_user,
Thu Dec 10 2015 00:00:00 GMT+0900 (JST),電気代,5200,sample_user,
Thu Dec 10 2015 00:00:00 GMT+0900 (JST),食費,1600,sample_user,
Fri Dec 11 2015 00:00:00 GMT+0900 (JST),ガス料金,9300,sample_user,
Fri Dec 11 2015 00:00:00 GMT+0900 (JST),ガス料金,5700,sample_user,
Fri Dec 11 2015 00:00:00 GMT+0900 (JST),食費,3300,sample_user,
Fri Dec 11 2015 00:00:00 GMT+0900 (JST),その他項目,8800,sample_user,
Fri Dec 11 2015 00:00:00 GMT+0900 (JST),食費,5600,sample_user,
Fri Dec 11 2015 00:00:00 GMT+0900 (JST),水道代,2500,sample_user,
Sat Dec 12 2015 00:00:00 GMT+0900 (JST),ガス料金,2700,sample_user,
Sun Dec 13 2015 00:00:00 GMT+0900 (JST),その他項目,6900,sample_user,
Sun Dec 13 2015 00:00:00 GMT+0900 (JST),ガス料金,1100,sample_user,
Sun Dec 13 2015 00:00:00 GMT+0900 (JST),ガソリン代,5700,sample_user,
Sun Dec 13 2015 00:00:00 GMT+0900 (JST),ガソリン代,5500,sample_user,
Mon Dec 14 2015 00:00:00 GMT+0900 (JST),その他項目,8800,sample_user,
Mon Dec 14 2015 00:00:00 GMT+0900 (JST),ガソリン代,4100,sample_user,
Tue Dec 15 2015 00:00:00 GMT+0900 (JST),日用品,1200,sample_user,
Tue Dec 15 2015 00:00:00 GMT+0900 (JST),家賃,6400,sample_user,
Wed Dec 16 2015 00:00:00 GMT+0900 (JST),ガス料金,2300,sample_user,
Wed Dec 16 2015 00:00:00 GMT+0900 (JST),家賃,2100,sample_user,
Wed Dec 16 2015 00:00:00 GMT+0900 (JST),電気代,1600,sample_user,
Thu Dec 17 2015 00:00:00 GMT+0900 (JST),家賃,5400,sample_user,
Thu Dec 17 2015 00:00:00 GMT+0900 (JST),その他項目,9600,sample_user,
Fri Dec 18 2015 00:00:00 GMT+0900 (JST),水道代,6700,sample_user,
Fri Dec 18 2015 00:00:00 GMT+0900 (JST),日用品,3500,sample_user,
Sat Dec 19 2015 00:00:00 GMT+0900 (JST),ガソリン代,3200,sample_user,
Sat Dec 19 2015 00:00:00 GMT+0900 (JST),電気代,3400,sample_user,
Sat Dec 19 2015 00:00:00 GMT+0900 (JST),ガソリン代,4900,sample_user,
Sun Dec 20 2015 00:00:00 GMT+0900 (JST),その他項目,1900,sample_user,
Mon Dec 21 2015 00:00:00 GMT+0900 (JST),その他項目,7900,sample_user,
Mon Dec 21 2015 00:00:00 GMT+0900 (JST),日用品,3500,sample_user,
Tue Dec 22 2015 00:00:00 GMT+0900 (JST),ガス料金,2600,sample_user,
Wed Dec 23 2015 00:00:00 GMT+0900 (JST),水道代,5900,sample_user,
Thu Dec 24 2015 00:00:00 GMT+0900 (JST),家財道具,3800,sample_user,
Thu Dec 24 2015 00:00:00 GMT+0900 (JST),日用品,6700,sample_user,
Fri Dec 25 2015 00:00:00 GMT+0900 (JST),日用品,8800,sample_user,
Fri Dec 25 2015 00:00:00 GMT+0900 (JST),日用品,6500,sample_user,
Sat Dec 26 2015 00:00:00 GMT+0900 (JST),日用品,6700,sample_user,
Sun Dec 27 2015 00:00:00 GMT+0900 (JST),日用品,4000,sample_user,
Sun Dec 27 2015 00:00:00 GMT+0900 (JST),ガス料金,8100,sample_user,
Sun Dec 27 2015 00:00:00 GMT+0900 (JST),水道代,2100,sample_user,
Sun Dec 27 2015 00:00:00 GMT+0900 (JST),水道代,7200,sample_user,
Tue Dec 29 2015 00:00:00 GMT+0900 (JST),家財道具,6500,sample_user,
Tue Dec 29 2015 00:00:00 GMT+0900 (JST),電気代,4800,sample_user,
Tue Dec 29 2015 00:00:00 GMT+0900 (JST),家財道具,2000,sample_user,
Wed Dec 30 2015 00:00:00 GMT+0900 (JST),ガソリン代,9100,sample_user,
Wed Dec 30 2015 00:00:00 GMT+0900 (JST),食費,1100,sample_user,
Wed Dec 30 2015 00:00:00 GMT+0900 (JST),食費,2000,sample_user,
Wed Dec 30 2015 00:00:00 GMT+0900 (JST),食費,5000,sample_user,
Wed Dec 30 2015 00:00:00 GMT+0900 (JST),食費,6000,sample_user,
